autoincrement,name,numberrange,alphanumeric
1001,John,7851585635,3ksN5kjcRYw
1002,William,8990613696,WUrpKLeYe6K
1003,James,8122691065,gmaurwNt3Fu
1004,George,7484724977,niMT7co0ZJg
1005,Charles,9400012201,AFs35pJo8zF
1006,Frank,8170495745,7YteJR7Nt1I
1007,Joseph,9424990602,e3yF1FlkvDj
1008,Henry,7449852552,VLgM2DpYvfg
1009,Thomas,8073236072,S36KQzNkvcY
1010,Edward,8815932601,xqzx7wqvEzO
1011,Robert,7290216704,HJ3VqgWdALs
1012,Harry,9207772685,XKXQnVAXLqr
1013,Walter,7574392421,imMB1hYCdFe
1014,Arthur,7305706202,w6JTyimtkuH
1015,Fred,7720766146,RN8vRnvN7HJ
1016,Albert,7773663671,ID4gQXnNBw7
1017,Samuel,8706676101,3JTWU11l4XG
1018,David,7032639525,YUi7ebcZfE4
1019,Louis,9244498092,hT4P7rErQAH
1020,Charlie,8429036820,NBmbUFK81lr
1021,Clarence,8283831680,7PzHnlC1emn
1022,Richard,9364271357,RjczekVc9ef
1023,Joe,8243741466,QRb5XuxUIF1
1024,Andrew,8912887923,KNKIAQE4wse
1025,Ernest,7310583938,sIBc0c9kEuh
1026,Will,8416990946,MCdAknXL5r6
1027,Jesse,8968707563,potf2SUM7gV
1028,Oscar,8188260261,IwBAdkrDfqd
1029,Daniel,7010604911,8mCCFLtYPh3
1030,Willie,7223174167,95beY03TjUa
1031,Benjamin,9572472442,RRDsPopk1AZ
1032,Sam,8765872939,TlyO6Dd0fJG
1033,Alfred,7637043804,ItgHMSNzRu9
1034,Roy,7104946949,18pnIlc25ra
1035,Lewis,7100772029,fMoGtz4Znd2
1036,Frederick,8430521548,oPnIcGUvpNm
1037,Peter,7919631984,mWTaFaoxYKC
1038,Elmer,7314456998,abS80axAG8S
1039,Jacob,9868676942,79sc1xxG8yj
1040,Herbert,7418535762,Xb2aic74FYp
1041,Carl,7017542043,P4ygJvxArl3
1042,Howard,8323111565,YQcL6z8KUgf
1043,Tom,9564357629,eQR8AThvazw
1044,Lee,9592262674,RKdrSjZM8j1
1045,Ralph,7354054095,rMUm1W3fekn
1046,Martin,7103587435,EPGKmq1cTBl
1047,Jim,7637296620,RdNZ1idn1wr
1048,Earl,7068021885,YlvGLLheWT6
1049,Eugene,9953297987,OaA6oDFrhSY
1050,Bert,8525264345,ndCZi8vPGWU
1051,Edgar,9495560411,9DljhkZLW7p
1052,Herman,7901264147,rS7NL8LDEGW
1053,Claude,8299437805,r5QfPTz6LtM
1054,Michael,7805803349,pOY69XFe9D4
1055,Paul,8332776647,7OaMDZ18Lwu
1056,Ben,7320909403,OHJ9mqv5bQF
1057,Ira,8829993364,RatwsUXLyu6
1058,Harvey,7316648785,9TktDmrOL8u
1059,Chester,9677256411,PTav469iUvN
1060,Edwin,8945317824,ngKoQAYWpre
1061,Ed,9790086527,Jy42eNCd0mB
1062,Charley,8935801815,4dAhZqOOitV
1063,Francis,7330075965,NTaxNiXj3Bs
1064,Isaac,9802045370,NxbJSjvh9A3
1065,Luther,9300546892,Ri7hcjo8Hx1
1066,Lawrence,9737341299,bOnEBpGzzhe
1067,Oliver,7427489221,3OeSx88vt1l
1068,Clyde,8078723868,uAVBA5gShMC
1069,Otto,9718088794,ccBe2ZxYnWK
1070,Hugh,7530939665,7aTP2VxBFC1
1071,Alexander,9409984564,25LR0XsLN5t
1072,Leonard,9693272548,m4SXm1enisv
1073,Jack,9245120800,sN24TluG8RK
1074,Raymond,8485886992,euciPO60OmK
1075,Patrick,7707208849,fY1iMqtvrnw
1076,Guy,7179121461,cq5I9em906C
1077,Homer,7064727427,nCvYzZ9YigQ
1078,Floyd,8460775362,BdAiufAqJHY
1079,Theodore,9504705083,pV96bDklCql
1080,Allen,9768820709,fBHR65ihr9W
1081,August,9487301870,whL3y4toTia
1082,Marion,7608010501,pLldthU1voX
1083,Philip,9911696380,zlLwjMa80eq
1084,Warren,7882942155,Gm6CmMtBw4h
1085,Horace,9346160319,2voGL1TrcNK
1086,Dan,8507161903,ST0Bcv2Khro
1087,Ray,7836263435,X83oT4yGxn4
1088,Garfield,7038792327,Ii8s4c7j0g4
1089,Stephen,7502753676,X8i4QGWlO40
1090,Emil,8026407702,uByWRsIcXTi
1091,Jessie,8249582127,4WpCrSCNCr3
1092,Milton,8039609343,6twThaFnQwd
1093,Willis,9438069277,cg9s2A4faEQ
1094,Calvin,8802835873,00Hc0xoJEkt
1095,Dave,7010415307,9IVOcjkl3r8
1096,Bernard,9992307329,om1diErsVgE
1097,Julius,7246132146,2VACKKeOGjN
1098,Leroy,7039327759,gz8GGZvcd6q
1099,Sidney,8874801988,AXBHmEOZYUL
1100,Anthony,7200924015,an3QjPPgo4y
1101,Archie,8182982315,xsUbbdpb3F1
1102,Perry,7623392395,RfZXtnATzBk
1103,Leo,7216207209,innErj961fS
1104,Leon,7082052305,sPr1W42gbHB
1105,Rufus,9973140085,Ab9BLALSLlm
1106,Harold,9285588440,AXIPUZ2NLWC
1107,Franklin,7643995614,teH38cMxG8E
1108,Adam,9277864560,eisBoW45SDQ
1109,Alex,8688734132,kxj3TD4uBOG
1110,Alonzo,9194844079,YZiQhCXosWp
1111,Everett,7392270377,dnZjzdD543o
1112,Clifford,8088262229,S38Rz9bqtS4
1113,Victor,9031464862,sVdaLj61y37
1114,Eddie,9428224049,MWYIjAQEwN8
1115,Alvin,8528254180,UndIDSPvHIc
1116,Levi,9834107742,RASglzSzBJS
1117,Amos,9786316113,X1nPXx6d4wF
1118,Roscoe,7536755167,ABCbe7E19c3
1119,Wesley,8991508079,0XnVPqgX5uY
1120,Dennis,9607728716,lxsJE1c2nuE
1121,Eli,9529519415,RXyWR7jF60r
1122,Jerry,9672711295,MkO7lrZkJ9F
1123,Jay,8234420950,AyhYDJsALpX
1124,Hiram,9680893509,N8uzQ1J9qqx
1125,Norman,9927837498,VfYmicNBVuX
1126,Percy,7223907324,L4vLvhYn53p
1127,Aaron,7355298203,dSHwpbNv23e
1128,Gus,7062979265,NiHDW7UqP2U
1129,Mark,9252250095,axqdDbN8GVZ
1130,Willard,7048527208,yoCZ1z4ZQFQ
1131,Moses,8979136566,yYgVHpJ4WYp
1132,Earnest,7726132289,t4CmeZR3yu2
1133,Gilbert,8751285886,4K11U91TPeU
1134,Jake,8638403515,H3Jsnn5Vgk6
1135,Leslie,8049616638,7gc8AztbTIe
1136,Nathan,7006740586,jFSFzJVgYOK
1137,Adolph,8521214826,G1cTZKxASCz
1138,Nelson,9080746916,km7dT5mXBlw
1139,Otis,8521900844,vylvYaf3ohu
1140,Irvin,8516241923,ClWOeks8H8j
1141,Wallace,7045945686,jl9TwTUJTIl
1142,Clinton,7299167929,x1z6hSBScqW
1143,Lester,7009661905,ZEVl1l0r4fs
1144,Lloyd,8091650926,QrGg7QxYrup
1145,Morris,8764887160,I7xHGreLlhu
1146,Abraham,8180588441,ULNKjBTRhbP
1147,Jess,8409723352,LVsYNI9vtHv
1148,Elbert,8120257812,QOEuloN1PkR
1149,Phillip,9048647828,jpkmOgRmVqa
1150,Jasper,9732226323,syq7mTM1Onc
1151,Ross,9631329675,9zWOvn3wH2R
1152,Noah,7470293152,XLhI3wPm5vj
1153,Wilbur,8648277473,roAVO2XZ4L1
1154,Claud,8446846226,WTf6DH6nHe8
1155,Cornelius,9916464730,C3C6AU2awjp
1156,Mack,8536117987,kIGdpclRcD4
1157,Matthew,7715057523,4aFxFiBUUFt
1158,Lonnie,7138198618,HSR9BZS1mz2
1159,Jose,7839904389,XcJYrmeXyvz
1160,Melvin,8731296533,eUmvZYMppvk
1161,Stanley,9619397489,4tkAkQgwMYo
1162,Sylvester,7763803914,OH710pkRuXg
1163,Wiley,9245402982,Zc0fZOD5mOr
1164,Simon,8024016422,pDSpwgBiOdj
1165,Reuben,7892639663,Q96epGEFX9O
1166,Silas,8589001329,AfVBlfAypb2
1167,Wilson,8766159847,mR84wyasvk0
1168,Curtis,9775534263,syu9azM4iEj
1169,Felix,8024253484,ZUSmSAkPGHQ
1170,Maurice,8418592544,HFMvZDU53sH
1171,Alva,9938555649,w1TFZ5fIDtg
1172,Elijah,7614354675,zwYM0CfY4kI
1173,Christopher,9008837151,8xeBGKUTUw8
1174,Owen,9646455737,vNvVacYQ52v
1175,Austin,9339243722,Mgne9sdweHG
1176,Clark,9810035251,cmpBMXQOfBp
1177,Max,9617700256,L9oya48cQtj
1178,Asa,8139385079,Wfr943baFOA
1179,Emmett,8359500023,0Bw6leYFZgx
1180,Fredrick,8751872021,RlO0nJL5jd7
1181,Russell,7439654772,Qncr37tzwYa
1182,Virgil,8657553452,zdUmODt5W80
1183,Winfield,9614022735,2rA4f3o3aHi
1184,Mose,9611282536,WGsbdvPh5Xh
1185,Timothy,9386746034,JJwS6bd5fCQ
1186,Rudolph,7565918587,gDi11l5PLUB
1187,Edmund,8901272059,oIcpsifLxn9
1188,Harley,8207857969,C6NfsRJLxBq
1189,Harrison,7595449966,QVkUxxQ9QPE
1190,Jeff,8651112011,N4UODoazmUq
1191,Orville,9224911117,jLbw0oXguF8
1192,Irving,9984169515,ztSfNAnXA5X
1193,Andy,9139944518,miom83mURFK
1194,Ellis,9636789639,90uz5NwoSvE
1195,Lemuel,9641724799,D8bDSsMFcnk
1196,Monroe,7464895407,8QlAMLlziaX
1197,Anton,8553786610,xxrJT16N93c
1198,Joel,7393107270,5x9QsdKPA9A
1199,Manuel,7597734548,GK22EX0B7qk
1200,Marvin,8608023117,TCTkMfUoHjQ
1201,Pete,7505486591,uneA6qBFmml
1202,Vernon,7425364897,eZgDckMeGss
1203,Marshall,7105531380,KYFCyvVaVmi
1204,Nicholas,9372550290,rpLxOWarLnm
1205,Ike,7247128235,tm0xKZT7pUq
1206,Mathew,7799894339,PAUGDpWJC5B
1207,Ora,8281250318,YI4l40vg8s2
1208,Christian,8980510196,S4YDDdhDoc2
1209,Emery,9461500110,sr3i4KkDi54
1210,Newton,7199751945,gb6J3hhJtIe
1211,Chris,9405067969,vFXJ9sNzNNB
1212,Clayton,8719430446,4T8k9iFMQDw
1213,Pearl,7955759000,ASk55jLHRJG
1214,Wade,7757117774,I8Z6NFXBCGo
1215,Augustus,8674481462,x1ZxvnMy1Eb
1216,Columbus,9420070832,Dvwu5WiVmRC
1217,Scott,7669234251,gLaXRzZF3Fy
1218,Bob,8444635580,nKAPklBAT87
1219,Solomon,9484762981,nuxjoi5SgMk
1220,Emanuel,7208357678,QjlWATwanQo
1221,Nathaniel,7050807631,mqAq2AyT8v1
1222,Riley,8202678879,OQjxtXE18xv
1223,Sherman,7111398903,7BhF3EgkhyD
1224,Glenn,8210757783,VkqA6bfNvHE
1225,Johnnie,9870352998,HMLtfV8QGaU
1226,Juan,7214399703,JtwIttNsE8v
1227,Marcus,9542216216,XhnrXgc6K2S
1228,Ollie,8982885695,gxWs8yVq1nG
1229,Enoch,8937144096,ktWvR19fHmW
1230,Ezra,8048036267,DOZEL3Q1w5B
1231,Mike,9210454612,u1EJt72S7mK
1232,Steve,7870656458,zW5npRAc9hz
1233,Ambrose,7877796173,FMBY9QPjXSd
1234,Arch,9564414958,mlvLkPxs92A
1235,Dock,7085083434,OoseGprW8hc
1236,Hubert,9214888322,Ynr8GiWOXC5
1237,Bill,9593852956,kQVTmKBBK6D
1238,Burton,8230981414,Nd7ohonwM2X
1239,Edmond,8421495036,XTjkYcpQGeZ
1240,Emory,8861292094,pLAzJqvsk15
1241,Luke,8971739986,hh2mozP1TuD
1242,Ole,9109879930,1a8CMHFhr9G
1243,Elias,8623269304,X9WiIJysaH6
1244,Anderson,7452575036,rJyXtXOOZ6M
1245,Barney,8256484240,nTSLSKUJSpM
1246,Byron,7295466856,vcbGFMZ0ASH
1247,Cyrus,7774064616,b1K4CZVx0Ve
1248,Edd,8503296415,IkrAxtcD8OS
1249,Joshua,7257693134,r3oeTcNOpjt
1250,Major,7439749449,oqVYtx6yrQ1
1251,Miles,9168930914,j5KuDQYASjH
1252,Chas,7467738206,Cc0RgunWo3g
1253,Clifton,7481327415,07hn5qduzNd
1254,Gustave,9674424957,qBwsHKZtJWI
1255,Nick,8846850913,F2TxBpeMhZ2
1256,Taylor,9791865702,n5gNBvQf74E
1257,Bud,8412021214,VilamT4XMUV
1258,Jerome,8121209425,tvSiK2r8hy7
1259,Lucius,7027643153,zhlwB3w0N4H
1260,Burt,8802235201,N4JnDmjrO2I
1261,Ward,7443744423,IVbERHfrTuU
1262,Abe,7866254371,AujJW5udoRV
1263,Hugo,7574177621,Gh7dpQ914Kx
1264,Julian,9101975441,g7bfRo3E8Oa
1265,Millard,8666843896,t493BbyUbJ2
1266,Preston,9887684890,Tkkrlgfo9gT
1267,Tony,8442894220,ZHpgEAa67B4
1268,Cecil,9334231105,E2vSsHiYZRB
1269,Seth,8260064319,e6ulJvp7AFv
1270,Bruce,7743175215,mY0DlYpfsql
1271,Fletcher,9698432693,aVCYLkEupvB
1272,Jeremiah,9171974989,yo0IKyS5ipO
1273,Grant,8325932615,LYaD5hwu12n
1274,Green,7592041291,fhznMfcy2vy
1275,Neal,7048727916,6HDsYZuYboS
1276,Bennie,9104304528,Q35GbHBf4lP
1277,Conrad,8237957162,TTlGYCSfKxA
1278,Dee,7625809132,zJw8Lg2wr8I
1279,Ervin,8795406921,eGxXiWyyJWK
1280,Gordon,7253301060,sNcgs6VCWlV
1281,Grover,7645567410,vDD4IFtytNJ
1282,Isaiah,9410475331,DmVznz00ftY
1283,Lorenzo,7828643785,rj7fSeyEWx8
1284,Porter,8439219943,J5HEh2quPNR
1285,Van,9306418471,xlWRRdqFuAL
1286,Glen,7976297279,gD7ne4nUFAJ
1287,Jefferson,7657705843,3A8FrjdONRv
1288,Louie,8026081461,uVRg6LKM8mQ
1289,Abner,7542110645,OVQURy0Yltq
1290,Abram,7734765861,Sxpq44RcNWB
1291,Dudley,9252904777,CcYFFyDQCJI
1292,Lucian,8152951680,Zf5ztD5jJvG
1293,Roland,9591884998,QgwvFF6KPqz
1294,Vincent,8717689713,7N1dZ0aAAxt
1295,Wayne,7512269077,0x3ulSbEcId
1296,Arnold,9916712961,ZDPTUzuvPdO
1297,Elisha,7700294621,PqVqrGQBOry
1298,Elwood,8785428944,HIWrtoeQjP5
1299,Karl,8789386609,WfOyfDPoewZ
1300,Kenneth,9987921053,EmawVKG2JVt
1301,Mary,9316977068,Rue8P97MMJh
1302,Matt,7336869300,jJ75I7SkU5j
1303,Myron,9118250989,CSYZlre6yyu
1304,Pink,9643874988,CqkqUR0217b
1305,Roger,7720718093,1DtsOboWo6R
1306,Wilbert,9844196026,28CMlKCYeLE
1307,Donald,7895871284,qdlulCO04Pq
1308,Forrest,7818267808,eqAYPjbDjZ0
1309,Irwin,9966009416,x2J1WXK8hbc
1310,Jackson,7932106215,bXVOfb09Y3k
1311,Laurence,8700314636,IpPU2v5vDPB
1312,Madison,9699437385,OUkdeN0MWHG
1313,Sanford,8212892193,hVyIOyEmBp7
1314,Archibald,9236765777,h4HpVaLhRun
1315,Delbert,8349248021,mopKsSTF0e9
1316,Lon,8175732687,CP3Fx0oAB7A
1317,Stewart,9931873921,bDoxLrH9L7f
1318,Antonio,8196938651,NQJvPDuqCpL
1319,Chauncey,9741051680,JKd1ozi9X9j
1320,Don,9974698999,U4ipmKFCQ4X
1321,Noble,7130285176,b7kNgPCwYd9
1322,Otho,7325919442,MGr9UoNeIn7
1323,Spencer,7043417645,JXxuMqSN4Hj
1324,Avery,8383653662,CLGduptCGRn
1325,Dallas,7706278397,187tZtfA3HA
1326,Freeman,9175666389,F4mRZyyPzOy
1327,Jonas,8289885351,vvqzoMBWhsP
1328,Lige,7875230142,XgoFfxMSyCp
1329,Napoleon,9075642294,9pAfb9Me6r2
1330,Walker,9617637797,xFj1PG8NdwU
1331,Zack,8432370531,nVFVCWBW6VN
1332,Boyd,8419961118,Syk3WBkOu4O
1333,Clay,8821996270,Y978s1nQZ7x
1334,Dewitt,7457709760,vFXUcCjRXEN
1335,Emmet,7897073474,rueI931xzty
1336,Evan,7345965775,yiddael5U4p
1337,General,7449327193,WtQ7RmCUNzf
1338,Isiah,8530244483,eoTqhvoFKJq
1339,Josiah,9195096248,gjQfuurz0Ud
1340,Omer,7085836147,UWClITxqjyA
1341,Perley,8120192528,zi3dIs7Ykqa
1342,Ferdinand,8614581849,75RxEgeBOqT
1343,Hans,7755010647,uyzeMbCdxxW
1344,Israel,9755733209,tulrQ3plt4q
1345,Judson,9088015131,EbhyQuemWqg
1346,Morgan,8127993168,j3ZlCH4Omrg
1347,Waldo,9248253176,irY5Hm0l9fa
1348,Berry,8142093994,YpdAOCpcSWi
1349,Carroll,8010319551,KGdd46jYgye
1350,Clement,8266399254,D61OwkS474R
1351,Elliott,7509863733,3tlFkTVpqg4
1352,Ezekiel,8653569132,Ed5PpH7bgxR
1353,Foster,8544727994,Zidr3kskxRN
1354,Gust,7474398688,n5wSmiL570V
1355,Jason,9818291770,70cxn2HrNZw
1356,Josh,9286921330,2J44U5AjmNf
1357,Junius,8622405356,PWqbwugq69u
1358,Loren,7477799348,yuCMdSMrvpd
1359,Wilfred,8152541819,LX3Anr1eCE7
1360,Adolphus,8985696099,aKTurhHW6Ot
1361,Allie,9112847846,klqIn1d3cK7
1362,Benjiman,8713582805,XZqCKVQliA2
1363,Christ,8004998993,ybBkYMJKQy2
1364,Dwight,9097903084,LQl7FSfFMQz
1365,Earle,7401349343,WeuL0uLbWC3
1366,Francisco,8906261141,CJmtI38bhSp
1367,Giles,8819970444,aha2IRWAcsK
1368,Granville,8275873764,9Fx4hhD9W77
1369,Jonathan,9348904596,mX5SeT8XBDA
1370,Lafayette,8200146208,jOeD7aHxbtR
1371,Leander,8288270165,Ux6RlCjKrfS
1372,Lyman,7483285588,mq0xpDWIOlW
1373,Lynn,9566081443,0UexUgnsUTW
1374,Ruben,8545101175,O16369RnPk6
1375,Dick,8850366174,Z6L7hQcYrf4
1376,Elvin,7813002953,3piI48oWALF
1377,Emerson,9921247454,0oIIqy9fOTr
1378,Emile,9577823427,pm9AM5Nfwzt
1379,Isom,7889358609,XqjSF1INn1B
1380,Jimmie,9764747214,WO3RpJN4nXd
1381,King,7499592179,JhANmwhaL05
1382,Mitchell,9188046209,e5r8447EtXO
1383,Orrin,8585580929,DZpdNuFHklc
1384,Pat,7791122113,SrksGbf6Geg
1385,Royal,8616599989,9EBAbn5nYy7
1386,Sim,7208179340,Gbocwab7BBp
1387,Truman,7781509239,SPKpEArQcer
1388,Washington,8919551660,QYYey8X7EY5
1389,Al,7270329134,gXuI80X1DQf
1390,Carlos,7310146931,NwFFG9Wj8p7
1391,Lem,9680749865,TCn2htVWmzh
1392,Milo,9081715848,KwSHJVKOsKv
1393,Oren,8036273057,r8C2J5lmwZV
1394,Orlando,9671812780,CiOhFVWaQqK
1395,Allan,8209803015,r1zlZx00Mdg
1396,Arther,8364477306,OvF5llIYhZs
1397,Caleb,9083096490,fOrDd1iU25b
1398,Cicero,9730779038,zLBI7FMwrTV
1399,Clem,7197084270,rgImqvRUQ1d
1400,Clint,7296403534,cgJf11ccsxh
1401,Dean,9243732342,BTGAOSFYKBL
1402,Forest,7076520614,qw95fpRyUrp
1403,Gustav,8452316184,bUaZpfZTlGV
1404,Harmon,8588474943,Qk7T02K0isH
1405,Ivan,7039928497,GhPEf2SgBih
1406,Jordan,8751818444,FLItQEhjPsd
1407,Ned,8469596231,OE1SOCuuErW
1408,Nels,8487531965,JKw63057gLV
1409,Phil,8406832445,gcH3c0nZnda
1410,Randolph,7698877650,T3Tx8DIwKEe
1411,Smith,9742863053,1eQw6vr3ARS
1412,Tomas,7090442113,zZ4UCFr2HFe
1413,Turner,9368690650,afuOc7zrRP7
1414,Ulysses,7511457508,dBHbypAOpGu
1415,Vern,8581118487,sIJijbqVdr8
1416,Wilford,8761818662,3vyKRWeErFX
1417,Addison,8495345623,gLFxRSoCYwT
1418,Alford,9276357769,Lf3GdEFnbJd
1419,Art,8088031024,fevisXd5NyW
1420,Benjamine,8713633998,i1p748suuba
1421,Enos,7373502487,QKBLK6n93qZ
1422,Erwin,9046673430,zKQZmoiaCLw
1423,Gabriel,9202754965,6sKrjt4u4Z0
1424,Issac,9637854095,QCHkbC6qywz
1425,Lucious,9846550139,Gco24hGZuL7
1426,Malcolm,7569894261,TsmCvNcJLJn
1427,Merton,9751113820,hD4fGAL2x1z
1428,Micheal,7124409129,VQD85ZbT2tt
1429,Prince,8758900598,6Qlih0eylWM
1430,Simeon,8262014653,erBEAk8gPjT
1431,Anna,8259299598,emGGSpmQIBu
1432,Carlton,9077699362,HxtAtLqausa
1433,Coleman,9896580518,M7CRk3Ul6D0
1434,Douglas,9465549021,ZzBRHThu8IR
1435,Finis,7137603057,uvGpu3VEeFi
1436,Hardy,8659991223,UljhBMR24xW
1437,Hosea,7681795183,paoKjhGgJtc
1438,Jules,7577503820,U6avF3TldH7
1439,Rolla,9241348684,xXEGnZyBehu
1440,Tobe,8860467860,3Br2n0I9vS7
1441,Wash,8838001309,PYAyHRKwCyI
1442,Almon,8173978336,aTtSPpoXBea
1443,Aubrey,8534415468,gPTCVEC6Y04
1444,Bertram,9007612862,WflMr6Y2qkT
1445,Casper,8338098242,pWqpLUZ6voI
1446,Ellsworth,9485599800,NOjXn6tGPSI
1447,Ephraim,8270937200,H7litmWoUe6
1448,Fay,7735308404,qwY979i96rK
1449,Hamilton,8120898157,wd7BJpF3IEm
1450,Harris,9046386046,vsUbxja9eGe
1451,Henery,8177976925,6o1YCTuStmD
1452,Lou,8059595803,5uIZUIW8yon
1453,Mat,7367859173,ZshAWVp70XK
1454,Rollin,8453079122,nOg0PfLht2o
1455,Sol,7900560426,xkoYcy23iBp
1456,Steven,8907220274,9xHIR4ZiaH4
1457,Verne,9942862861,28sHKZxzGCn
1458,West,9840184456,SXWpb2H1Wnr
1459,Wm,7178087809,F1G5NdLYIFa
1460,Adelbert,8596328156,I6k3hbDFzod
1461,Alma,9810714479,ESzz6CeVw0m
1462,Aron,7438104231,O815n51JhXX
1463,Axel,7420857710,Sp22Zr3DUpw
1464,Bennett,9280749552,5LXtxIHv4tn
1465,Brown,8668969191,3YpYOhG2kOV
1466,Buck,8714431173,bHjk5LQmzIs
1467,Colonel,9596955583,tfZFTgKzYNy
1468,Elton,7027546056,pqJ5mBJpdB5
1469,Elza,9839545691,vGdJrjJUM9w
1470,Gerald,8603370222,dDNgpYvvcAF
1471,Ivy,7390449624,DIqc5RD75ja
1472,Johnie,7991379728,RlHCV5o1R3n
1473,Judge,9186772526,gpyO4jU4CgB
1474,Lenard,8918283553,0gP0zgpqg2m
1475,Minor,9500478141,Yrf3xjiF2pA
1476,Morton,8556966952,ZDXW9DvSuCU
1477,Murray,7003345538,Ioy6Wtdclfe
1478,Nat,8935413346,zvDYM19duLE
1479,Newell,8646938636,tDQiKAiEJhW
1480,Norris,9109729033,Ndwh9BELf2W
1481,Pedro,7954454223,AU7zOopBtcu
1482,Rollie,8215469317,wjtEftRNQdB
1483,Sandy,8716646497,8KOk0JJGH9f
1484,Wilber,9884808385,p87uxrf425b
1485,Wilburn,9332386908,Oz6unWi3umj
1486,Wyatt,7186085307,PYS2jCUkugE
1487,Davis,7232331851,F1rAyvmO9LK
1488,Dell,8730120040,L25psjULT8W
1489,Doc,8080458206,dQfWqcGEOsd
1490,Fate,9224826513,yvUODrhKy8H
1491,Frederic,7079081355,KFXoMY8C2EJ
1492,Harlan,7104526210,cFrWAyQ2tUQ
1493,Harve,8314560050,YG8RakVTbXA
1494,Henderson,9465317954,yr6XtNygM7b
1495,Johnny,7640502531,EBkFwoDdLYn
1496,Logan,8707315688,F5uu5IfYOCT
1497,Mason,9365139409,w5YTOvySHJ6
1498,Merle,9431208878,gFweUBmXr7h
1499,Merritt,7493835417,VuFyI7ONFH6
1500,Noel,9120983334,JSNYw2cFo7S
1501,Valentine,9175257768,IjXWe3XbCuj
1502,Wellington,8435588992,ge5uq7wbLeQ
1503,Abel,8048273214,lTKFXnoXRlk
1504,Adrian,9997499224,FPASkUZ1aZU
1505,Alphonse,8087776160,hGW0D8rO1w7
1506,Carter,9228557135,piFQgC2IYYx
1507,Cary,7569167890,ZbeiFa1YI9K
1508,Cleveland,8795457396,q3RnMS7C0kB
1509,Crawford,7544935391,EvTJBkFy8GK
1510,Curt,7168065831,UrMCxOFT78e
1511,Duncan,9659090281,KFHQkzzF8sX
1512,Early,8336988459,B8AM3aEalJm
1513,Ernst,8058046523,VU8bMIFIOCB
1514,Frances,9699713884,b4wfhYqjinm
1515,Gene,8570533865,x0ViUGSVp0b
1516,Hal,7637416886,cDsLNyRyWQJ
1517,Hamp,9724568643,GS9zVX9D4ob
1518,Hezekiah,9146413289,sdjgKZuuu3v
1519,Lawson,9899139147,jHQsoXwn7RH
1520,Luis,9726600436,q5WYeOvUIuF
1521,Mathias,9420125711,gRsnLhfQgZ4
1522,Olin,8285559228,883h6kJhgtJ
1523,Parker,7729946067,CDXS53LMVva
1524,Pleasant,8086521808,zqvy5990q7E
1525,Reginald,8720651847,CPpcMYkmXET
1526,Rich,7415035753,5Wvej05dGfB
1527,Seymour,9490914492,3zCp8BNFeMw
1528,Solon,7315671167,myj2DQmGzxS
1529,Stuart,8442195867,B2O9S6fTeaG
1530,Thaddeus,9731619356,gwSPOt7MJX2
1531,Tim,9700971431,UwpgwoO0ij1
1532,Winfred,9703841035,lhhkNpAg5uL
1533,Alton,9444796047,y6HqviPiczJ
1534,Asbury,7592685562,x778SS5X8q1
1535,Bart,8044509800,PnADzw7gQo0
1536,Benton,9568178188,KrHjywmDzA5
1537,Beverly,8379757038,YdZVmNSxzvF
1538,Birt,7790692701,p8ktib8cMwR
1539,Burl,8124788112,0PJGJbDC1w6
1540,Chin,8622954019,W1AmdNSWfwm
1541,Elihu,9482388935,Ps1cqd6ETzJ
1542,Erastus,7082333770,yNlXWWmhyQY
1543,Ford,8253726347,fvpspuIrk5p
1544,Hampton,7949158421,WNk1e0uMu9Z
1545,Houston,8290364530,06y0S5DQD0i
1546,Johnson,8872261684,uoErLBhfTZf
1547,Len,9908253915,ac8BsU8J11R
1548,Lonzo,9467023561,dVXuMoG6DG1
1549,Loyd,9636403189,zSsf6GdtPHE
1550,Lucas,7217211402,V0IkhY26SyG
1551,Lucien,9466325014,kr20hlSjZe3
1552,Miller,8669370413,xjpJJSLCGXS
1553,Mortimer,7117298969,HLUOJCAcYdO
1554,Omar,8427710047,8osdDHZCOAo
1555,Orval,9108491667,hoLXILgexxi
1556,Pierre,8888242709,BLr5EwrBf7K
1557,Raleigh,9510545164,GDmMseJ3cxl
1558,Ransom,9986178303,d2wzkn1tjyf
1559,Rush,8524493014,pbGVuab7uRB
1560,Shelby,8977268085,y6024LgOSTk
1561,Tommie,7839025059,CtLQxl4QJJ4
1562,Wilmer,7115558345,eiUNUkHwnRt
1563,Alonza,7267394821,gHnciIy68VH
1564,Artie,9039737826,CIEMYv1gQFC
1565,Bee,8248460199,GQX7Wk1C7xg
1566,Benjaman,7486687554,YxavtnWQvH4
1567,Bradley,9191968301,DInhKrVo84W
1568,Cal,8187150136,3zrz8I9OBl5
1569,Cloyd,8305395613,OAtmRvUaPaX
1570,Danial,9957398866,GPaO6sHVSma
1571,Dexter,8889485465,s0qbUnkfzi0
1572,Emmitt,8149050804,PThvXoPqbVH
1573,Finley,7341775526,0rYGD4S7esq
1574,Guss,7117631804,soC9Au0kNEW
1575,June,9702112846,nnkgSA86TOk
1576,Lacy,8447564869,ru6y67e0x7e
1577,Larkin,9764987990,RT82wHdFoQB
1578,Meyer,7098733174,2ALgI59hwhC
1579,Mont,9653086034,9pSpGJHcDFC
1580,Newt,8196892768,V6NvCEkWjoF
1581,Paris,7098117105,XCLZ3c4BDK8
1582,Pleas,7732885443,WqcbuzW8i0i
1583,Rupert,9904790472,dCd3RjTIGEf
1584,Russel,7343690550,WXQywUgFjJ0
1585,Santiago,7886829036,jhK0XyPgby5
1586,Sid,7208847134,FwyNSMvUEah
1587,Soloman,8410471536,KfiAKeOCb4I
1588,Thornton,9635594351,F5VcAmdB9gP
1589,Walton,9782439488,6F6mtACyUtK
1590,Warner,9381483334,zkZeos8NsiT
1591,Watson,8513656837,f3UVqCFN2zn
1592,Willam,7495359514,o1WiLXYL5kd
1593,Wylie,8886981750,1cQmgcOXbnF
1594,Zeb,8429163182,K302SxtaGh0
1595,Allison,7989868063,DERDmZTcysj
1596,Alpha,9480720899,UoFbdy5GZ92
1597,Angus,8978079159,ftYezL7ZLr2
1598,Anson,8795968508,AUyDjwvINfV
1599,Asberry,8568662880,dHPAgKT4ArN
1600,Basil,9108350654,vD1RSaGOTs9
1601,Bertie,7833599381,6HeR1z3xcvA
1602,Berton,7318311828,uvJC3MLss01
1603,Bryant,9727568186,O53O6Mbo0BH
1604,Buford,8230635433,AReOSxFs5Ed
1605,Byrd,7152332703,k5HzC9iI1co
1606,Cassius,9825520940,cQPMi9NNUmN
1607,Clair,7497966537,XjbNwgBMu8W
1608,Cornelious,7391656995,0aiUlTOnzrc
1609,Dana,8830665863,HAhYmwYYNVS
1610,Deforest,7714621058,KwtwPgbQfU0
1611,Denis,8130271178,3SF3jh1FHlD
1612,Dillard,8531580673,gbXBfamZ8qy
1613,Dolph,9785270763,y30Ze9e1F3l
1614,Dorsey,9113769584,aBMOUXPIafB
1615,Edith,7374829176,35mXZXlEiF7
1616,Eldridge,9273654325,ypEMUPaocuC
1617,Elmo,9068406140,ZOvazDLhGTD
1618,Emma,8736448991,2tGlTNfR5uU
1619,Eric,7116935559,6eeKqQvy2SD
1620,Freddie,9489453761,H5LcDM28eoX
1621,Geo,8955503541,0tEp9Gm5XI3
1622,Godfrey,8269062880,sMjQcIhH6Vs
1623,Harper,7841067376,563X3C8RKPN
1624,Haywood,9192625307,etJjzTXDZ4v
1625,Jean,7930614628,1QIwF3ibZyn
1626,Jule,7169743492,PvObKfETP0y
1627,Lambert,7008496656,a2CSaRrBMmB
1628,Leland,7405474262,XtvmVICPoxi
1629,Lew,8720964886,C3bRvRfBkLh
1630,Margaret,7623944727,9zvTYXGD1lq
1631,Marshal,8620194183,jIFxXryDHUM
1632,Miguel,9761316318,FjgH9fuEC4o
1633,Milford,8740246411,VRJyQ63eD1w
1634,Ocie,9359746836,2Dg8cuVsvdm
1635,Olen,8811366848,Sdqzriwt6zE
1636,Orange,7359797833,lvnoVJhxdFv
1637,Orin,7695418332,nA8FdrKIg1m
1638,Ottis,7391971727,4QyrIK7r1Ik
1639,Park,9184223862,FnMAjeKxR2d
1640,Pinkney,8049515098,lQifY4dQpau
1641,Ples,9997770509,YbraGz0FSHp
1642,Press,8403071625,d9ItTKaT0t7
1643,Rafael,8959218134,h7rxSfrMMKM
1644,Ramon,7412264831,JkRk5KCdGbC
1645,Randall,8504895798,1ox4XkKExxo
1646,Reece,9084587455,iIHCN3ktNAh
1647,Roe,8382114936,88b9lLQxjdX
1648,Rube,7119537265,n13zXuIoeIy
1649,Thad,9730987426,pkNDoMRwd45
1650,Vivian,8454893257,7f8QX2AV2zw
1651,Willian,8322832947,q519T1kZf3z
1652,Young,9657229544,jSJTAjRH0BJ
1653,Aloysius,8309237605,05jazobyLWp
1654,Ambers,7576659100,LE87nrg8VWN
1655,Archer,7201397516,9I99rOrLh99
1656,Bailey,8542559940,aVvMRk8nwMP
1657,Bartholomew,9721344416,0OOzVjXDQp9
1658,Bessie,8871247304,K07WZolteWI
1659,Billie,9286960803,Fo7lHGeOp5y
1660,Bishop,7393661941,wASM8t2TtDR
1661,Carey,7376294781,jMT89zUWm9P
1662,Collins,9306063341,mVjeQqBg52h
1663,Connie,7011637320,xSKhbQY0037
1664,Drew,9049792650,GLU0SB496RG
1665,Elbridge,7623401905,dxzFj3BhIAx
1666,Eldon,8272062997,mewh5VnN1rM
1667,Elvis,8346293415,SkxevvHDZnj
1668,Ely,8876379664,jqFhHpHwLdD
1669,Fritz,8224121419,A8bxovN5yqF
1670,Gaston,9506726540,Oo5jFtSWgoH
1671,Guadalupe,9378880855,h77wBg5UNWu
1672,Hartwell,7577016795,nY61zqxmaFm
1673,Herschel,7693685435,RTpe4COiAWI
1674,Isadore,8944934654,AT6tT6vVoXt
1675,Jesus,7397205171,N9Ny2EzpjbZ
1676,Kelly,7250274282,WNhXcb1IYzh
1677,Knox,7158216598,5611k12UlDZ
1678,Larry,7597513789,qmTNicDu7T3
1679,Lindsay,8123921484,ZJ2nH0KavCW
1680,Llewellyn,7702327290,TjAFWusrphQ
1681,Lue,9613494605,McjkMopPNF7
1682,Manning,8354120973,tyFWLWXMAPP
1683,Marcellus,7652724360,F4Wc8R54OnA
1684,Mervin,9361768058,n19ZCfbNVTR
1685,Minnie,8218896480,jkpwCe8islI
1686,Odie,7764354828,rRCU6CPGcHn
1687,Ola,7494946181,Hg8f0yC8o6W
1688,Palmer,7989017161,vsfnRlaUDNY
1689,Reed,8049912232,FySLfCWvoG1
1690,Reese,9837893045,yvLRWrgf2BR
1691,Sampson,9284051053,tTDDJXLb53p
1692,Samual,7057161308,g6NNt4r0dpy
1693,Sanders,7436516055,4A0DDT5ngUA
1694,Squire,7305932079,HQBNmImVrxE
1695,Sterling,8423948064,iYAlXZwoc6w
1696,Sumner,9279171934,ne7ZFYPe0Cn
1697,Theo,8426960935,NWDbIFs7y7V
1698,Thos,7923007516,NDKwi9SPo8x
1699,Todd,9292212418,QLyOgH0gAiQ
1700,Tommy,7263360643,myLHm6gYyWB
1701,Unknown,7960101710,Dm544XLowJ1
1702,Watt,8248574638,o5zAftnvd6k
1703,Wendell,7510636468,qDJbJr3GhPh
1704,Wirt,8873175031,XPDWRBEzq4K
1705,Wong,7458567446,nayp5cBLphX
1706,Woodie,7258271682,09jQFtW19Fs
1707,Addie,9962364267,kh6dsyHw8Jc
1708,Albion,7427163124,HoONeRCcGMD
1709,Alec,7790946033,KzRjNGTx4pi
1710,Alice,7507300486,85uH38NR7cq
1711,Alphonso,9377610164,6U8dxtIJQcA
1712,Alvis,9634744719,i90v4Mb95le
1713,Ammon,9521636474,dHyAarSE4fb
1714,Auther,7360613784,P9ZWV0Fl5vV
1715,Ballard,8429682110,HJZiIS5P3mn
1716,Barton,7685136805,W4kZMxAt7gk
1717,Boss,9357117717,LvLqt7ejemI
1718,Burley,8064410485,8JqVEavHgBZ
1719,Cas,9783406006,Qt8HKGWJAlN
1720,Cass,8843449043,fcL6qsc9VPS
1721,Chalmer,8075258447,fvyxvbyKUGz
1722,Chesley,7096893947,zDa0CDWXUMX
1723,Cora,9405798971,1qznS691gLP
1724,Coy,9246878225,1xO491HmJkA
1725,Denton,7971284874,urBoxGyrOra
1726,Doss,9797530363,YoSdjryJUhh
1727,Edson,9568838701,5a94V9AtLGf
1728,Egbert,9313643128,gqlwtLSLgJV
1729,Elder,9142322691,prnYzRFdmsX
1730,Elie,7541432146,FBjWG1wVnIE
1731,Elsworth,9414871963,sLKokmUyKhc
1732,Elzie,8809629953,1mzYK2vP6EZ
1733,Erving,7011673009,p6R1cBElKoL
1734,Evans,7040254731,fsLw96KnhTp
1735,Evert,8368617542,u7qbEKJDkfD
1736,Florence,8043683810,1ESlz1CbgEI
1737,Fredric,7570248409,btHMeQpuScu
1738,Furman,9428972500,oiNu9UI1Utd
1739,Garland,9389026878,00bsYaqUV8X
1740,Garrett,8997964159,u6zzdI4fJdA
1741,Gideon,9975347009,HA7AtxNr6yT
1742,Halsey,8310677476,YQtdfBPss07
1743,Handy,9435230251,RcTdjxa6TQo
1744,Helen,7931999275,LSV5zoqijhw
1745,Horatio,8605387414,q3xJmKi03w8
1746,Hyrum,9655378447,e2jhu6lmDl2
1747,Isham,9427152145,WSErCsBL6f4
1748,Justin,8242665573,5DdINU9qYVY
1749,Leopold,8412284843,CBvlzFsZ8R3
1750,Levy,7526065209,mBamMrmvCKw
1751,Lindsey,7601632808,7w2LLXYqSNu
1752,Lum,8690374326,WspreTAguIB
1753,Mac,8400727983,OXOXjxXcnoC
1754,Mahlon,8976498505,52H9iJuUrNs
1755,Mart,8461002584,9p3CRC9VFdS
1756,Merrill,7549689496,IRpr20MdDPD
1757,Nellie,9298472626,1IScicPIqPd
1758,Oda,9960230643,7v7DZ9pUYHB
1759,Olaf,7431029956,JjSkDK6ZOTn
1760,Oran,8214805649,UCWzGh938mR
1761,Orson,9641471213,eDp6tWbdVPb
1762,Pearlie,8686370795,e2G46DgJw88
1763,Percival,9638079118,GZfbYzzqsYI
1764,Pierce,8351465057,VrdvNIONKXL
1765,Plummer,9820800061,p3dHWiFPtRx
1766,Presley,7989047294,gzAEfSaTStU
1767,Price,7598873435,5XPTxZG8bvy
1768,Quincy,7210821150,o1607vYhl4W
1769,Rex,9509243217,Z5SCeIGbMys
1770,Rollo,8545042262,lqJG9TJCp8z
1771,Roswell,7606208415,Q94m04PAAR4
1772,Ruffus,9328362844,Ttn6YIcXbYy
1773,Sheldon,9770729643,LTVudvuit0y
1774,Shirley,9368446094,Ts0WTUxudHk
1775,Ted,9184618305,gvfHT0jKE3z
1776,Tilman,9367056796,4j8XOFTUZe1
1777,Vance,9754983750,uaYH7ZgnrE4
1778,Williams,7322142808,HB2qL5vIdOp
1779,Worth,7807298048,2HpiZcBSoGg
1780,York,8622984971,VwYMBUye6MM
1781,Acie,8168520654,J1dasjvtG7E
1782,Alden,9415698754,iKL2x3mN9CJ
1783,Alfonso,8904054526,aOouAgrVMDZ
1784,Alois,9338689205,4nHczPcvTzt
1785,Alvah,7614768211,KSElBjDzv8A
1786,Alvie,8695384743,8fv2T6QYzgw
1787,Andres,8337570001,oQxQwkFmqOw
1788,Asher,9344553981,rFyGV5202tT
1789,Ashley,9595149686,Ag0I7u6Ln8Q
1790,Ashton,9157923856,AXTMnrp5KVL
1791,Augustine,9887557740,UFUdERy98dE
1792,Baxter,9044175114,4Y1aLgfHC18
1793,Bernhard,7341932095,lfjyZfxwqck
1794,Bertrand,8957720182,qa6qpHy5W9H
1795,Billy,9233975343,uV03mHltKxU
1796,Bird,9378909643,IMrLtFd5u8y
1797,Blaine,9123371843,Zjhxlo7M6bk
1798,Bruno,8433559979,UKJA8H9NwJ1
1799,Burke,7390004821,xwdP7Xig8iK
1800,Cap,9447520068,oIkuALWN155
1801,Carrie,7817584104,J0uwDiD1al7
1802,Carson,8665861763,nap6UkDR7pa
1803,Casimiro,7196915505,vPiUI6s65iH
1804,Collie,8251419404,S53qt0x343l
1805,Curley,7842483517,eiHFn13uAcS
1806,Dale,7339201539,jqsoxYYgRjh
1807,Dixon,7891562584,0khjAATFo4F
1808,Dominick,9350120444,qB97RHE8Bfj
1809,Ennis,7871688187,jZM6iGzUzkU
1810,Erasmus,9957638059,onL5Em6Bplk
1811,Ferd,8888936126,sExHlPTK7fA
1812,Garret,8642434033,A0rpa5VC3dj
1813,Gary,9918219262,chJ4qOqYDd6
1814,Gee,8664477020,LFG37yxm9k7
1815,Gerrit,8859791115,qS9KFM7VJYU
1816,Gregory,7330389536,F6uLfIv5bjd
1817,Griffin,8256719992,rIHHMl3abRD
1818,Hall,9854524652,MgXU2X2zcW6
1819,Heber,9803055937,wLW1Yqi3hpl
1820,Hector,8126586673,sgN4T2AEiLb
1821,Hermann,7778114559,emkWmvYuaox
1822,Hosteen,9923765077,9bSxTl17mcU
1823,Howell,7893453410,pz4cEWO4k8A
1824,Huey,9657182589,6ZKsDT1OtZ5
1825,Humphrey,7411810015,oS34dQIoSe4
1826,Hunter,8061786112,JXxriWLqMIj
1827,Hurley,7144225962,HjLVMfocnYH
1828,Isidore,7679238888,7nhLd5yTwkb
1829,Ivey,8065133602,OoK7b7C3cMi
1830,Jones,8224028567,PIzGHqVTe15
1831,Lafe,9379586511,9khsbz6IpZS
1832,Lonie,8389889029,sC2jljTvj7e
1833,Lorenza,7433936310,yrAGjMpATa5
1834,Lyle,7870902060,ND0DP9dZ2Hd
1835,Marian,8503217454,lMKUAu6cKI1
1836,Maud,8559506624,MSDWecEPli7
1837,Maude,7757677985,oeDchLmDmAo
1838,Melville,7809055419,yMnLGROaydm
1839,Murphy,9544640628,w3YuWpk9D0n
1840,Neil,7042666827,wgpP1roCYxS
1841,Obe,9672672414,BH8wRENhXcj
1842,Obie,7134755434,kAdctyBoj2b
1843,Orla,9698347361,xtmhLrPNLpm
1844,Orlo,8252021476,LU4NXucqB7u
1845,Orrie,7398729487,hDLqlVHdkFD
1846,Oswald,9368293110,fCKZJapEW7m
1847,Otha,7006144293,E7s7KgedDtG
1848,Richmond,9087965583,ltjuInK4FQg
1849,Rodney,7090872203,S8nvh7vib86
1850,Rutherford,9342756146,XN4lDIcU3fo
1851,Sebastian,8100479536,ev5JY7YvCs9
1852,Stanton,8797739395,Xzpmumbi4xr
1853,Starling,7874383420,6k3Lkexzxn4
1854,Stonewall,7987739489,XLZjdXqHL5Z
1855,Sydney,7785501040,QSTrwN1J3Xf
1856,Thurman,9523158390,Z3XsyRg0kpJ
1857,Tolbert,7185189514,izJJaNy51lm
1858,Toney,8784703102,jTCXiSzH4qA
1859,Troy,9914702803,ah4na6HSIkE
1860,Uriah,7024572796,WfOvSAqB8EG
1861,Vernie,9083648300,pKaXFSrx8JX
1862,Weaver,8629792327,3HFzxTN2txe
1863,Webb,8600695258,gShMj5knEjc
1864,Whit,7024694829,XQuOgtkGA2k
1865,Yee,7826839789,6PA2aik79Pu
1866,Adrien,9669088330,pEgyKN15yHE
1867,Albin,8640501583,5FvXPgPiYwP
1868,Alf,8272783234,PofEVzurSlZ
1869,Alto,8981618558,6oaDCphD2gb
1870,Angelo,8436558654,uDv4doQIgO0
1871,Annie,7857352045,4tm4D9SBhkV
1872,Antone,9638645744,uZl6tBFrWek
1873,Arden,9466561127,GKaxiiao44V
1874,Arlington,7495611349,moOgFvUnkXm
1875,Atticus,7817494559,2VrsxVYtraj
1876,Augustin,8691803489,1kSyRluylLn
1877,Author,8516637142,iYXKJln83nx
1878,Authur,7969405678,87SmwjFMbib
1879,Bedford,8368260133,CYydMWXYF4Y
1880,Belton,8046846577,Z6783YsCGPs
1881,Bertha,7091043105,AzHU1pEQa58
1882,Blair,7577333929,yl4tIlUPb6B
1883,Burrell,8402418497,Rq6xPJ7HsHx
1884,Buster,9556223948,1mjuxstAfej
1885,Caesar,9264207686,dAsLELiH7mC
1886,Callie,8532593080,5psxllMGU86
1887,Campbell,7162611910,GJyAyhOebf1
1888,Champ,9354524799,7PHiazxuqzh
1889,Clara,7406780930,QzC0PFYDyOX
1890,Clarance,9078808130,9MMfAQsi4YV
1891,Clarke,8291884529,TTNbOoGHNOR
1892,Cliff,7831321552,ELVxij1qVV3
1893,Coley,7807381809,Es9Nw5R6p6A
1894,Colin,8562017719,5eSKFaHM5dJ
1895,Conway,9861226311,8S1Rq4Kc3Qk
1896,Craig,9398496487,5cxuA2l4Dd7
1897,Dalton,9031146875,7ShOwsOHAkR
1898,Darrell,9682089995,uJLMiidx30O
1899,Darwin,9053441316,kXqWZ7IWE3d
1900,Delmar,9205697959,lgN3iVHfGPo
1901,Dennie,8290877490,5kQEiPcNn16
1902,Dolphus,7340922030,idoppzyRAmt
1903,Duke,8265720562,S42b6jHItL0
1904,Ebb,8126655524,MsiqotbLKfW
1905,Ebbie,9901715401,2OrMK4U9m5P
1906,Eber,9603648313,b2mMBCn0GI9
1907,Edna,8157099232,mFoVeoW9INp
1908,Ellison,7627600360,3WxNgfYIR34
1909,Elmore,9821615273,5GRmBkC9nJT
1910,Elonzo,7931977316,QFYckAJ8Xvp
1911,Emit,7558687016,lkfeMANVqhz
1912,Emry,8919645052,2n6uYXp8U07
1913,Ephram,7385438941,MnZrM5O2m7j
1914,Esequiel,9413365842,RPdKNoD2fmE
1915,Essie,9979387292,AcNYm2aKLDe
1916,Esta,7135189275,plSYSiLt1Xk
1917,Ethel,8818642436,FwjSA9qIPVm
1918,Evertt,7484437890,fOCf05ENB1a
1919,Fayette,7971090055,04VH2Yv2F4v
1920,Flem,9130868144,lmRD3kyLiTw
1921,Fleming,8743994846,1vDM950C6JT
1922,Gabe,8563726102,BxVddoehGeW
1923,Garner,7807244695,bXxFTpRZ38p
1924,Garnett,7797198812,IBfxJ6G50F8
1925,Golden,8517215543,A9sQq8m8ofh
1926,Graham,8431066450,lXukfjmkkba
1927,Gregg,7340821167,LvGY0JnD20e
1928,Gustaf,9633693203,FNqclQQixOD
1929,Gustavus,8846946844,L6Ciour1Odc
1930,Halbert,8754309002,8mkouhdFolX
1931,Hardie,9956921755,YHgR5Tp2Mpz
1932,Hardin,8646689377,CJu1pnKHH6Z
1933,Harvie,7155986308,HM0c9t4dpJa
1934,Harvy,7004417944,GcpSJZQIFIy
1935,Hayes,8300890405,dlPb6qaB5Pc
1936,Hilliard,9091682083,ZFwJlRItdmk
1937,Hollis,8509315810,uWhAsamlTcr
1938,Hubbard,8293082363,U7TgyTQkdqw
1939,Hudson,7968928296,8zrn5HqGcp3
1940,Ida,9068537487,uawrUtTiTF7
1941,Jared,8964185861,ybnkJoj03sZ
1942,Jere,9178357436,fMgTWATKIRl
1943,Joesph,8285810005,D5agFeITmPK
1944,Johnathan,7950014919,gKZNf1M8WkV
1945,Jonah,7975717442,ZYY18nrZ6ao
1946,Julious,9478447236,zWeUSSfstFx
1947,Juluis,9042073989,oS0qWmysCBE
1948,Justus,9402539026,001ASYbUQUo
1949,Kirby,8097017267,BGoapDsDloB
1950,Kyle,9928539500,FCH2PALim0c
1951,Lane,8027376841,M533STVs0iO
1952,Lawerence,7493836037,pnkSO4wFeiq
1953,Layton,8382402316,RCPn1mAvLxs
1954,Less,9814624642,FuXs5gqTDPH
1955,Lincoln,7290585338,xjt5DfRZjFL
1956,Linwood,9197712727,zzjUn88BzBK
1957,Louise,8611327842,cMikLCarjk6
1958,Lowell,9242988813,pll5sCIO9Fm
1959,Loy,7612783550,r6qScU0lPWR
1960,Lucy,8550205103,SjhkPClDWiq
1961,Malachi,8569645013,J89w9ft3L43
1962,Manly,9272759918,EkfhibKvtpL
1963,Mannie,8986341858,HqePUWdzKDV
1964,Marcel,9282811990,Yea2gUJD9BE
1965,Marius,7789811521,5XyfYiHGIwq
1966,Marrion,7249275214,XauLllFZA9C
1967,Math,7188925438,NseQ4HgEWr0
1968,Mercer,9176940032,QlRBmVfoocn
1969,Monte,8350091966,Ht841P67t00
1970,Montgomery,7612061449,LVUtGzEN1JI
1971,Nolan,9492719469,ZprXxzXy3lJ
1972,Okey,7887043261,eXQzVn4DvTj
1973,Orley,8834534917,eqWBjOs03rr
1974,Page,7167844215,0OHY6Aup5jO
1975,Philo,8851978208,nIEQA2mVruK
1976,Primus,7403481575,3XSFcVN9XEb
1977,Prosper,7484277600,d4BXIxVhsPj
1978,Pryor,8640043200,jUQACG6D9zb
1979,Rene,8210805672,zGrPqCWXjzo
1980,Robin,9549815840,SRUTMm59NBd
1981,Roll,8523804964,39EGxqWJnlW
1982,Rolland,7729250076,Cx7r0C41kpe
1983,Seward,7325403435,IZaxf4Rfz6Z
1984,Shannon,8587368615,brXE3WPDj5O
1985,Talmage,7659963536,2m50jdN5Vz1
1986,Urban,8869517796,TpD4G5iYwZd
1987,Vaughn,8261220415,hb3ouImlb4K
1988,Verner,8422288779,CShl4ApoQSc
1989,Waverly,9269114975,dKSSeDvFvHf
1990,Webster,9360297635,Kr7dEIwr5E3
1991,Weldon,7388932367,gKlfU26R4Yt
1992,Wells,7371664430,ZrbDVHB3vyJ
1993,Wiliam,7094876722,uX4sPsGkZkM
1994,Wilton,9984950466,7b7FKLoplDa
1995,Wing,7642442503,eQt74cXeIf6
1996,Wood,8109420931,ETi7ihMFBtt
1997,Wright,8713672145,37fMjzzOMva
1998,Ab,8126915746,O2R6TEzcmvA
1999,Add,9886152006,nK6mdXOOGwr
2000,Adelard,7936157275,USg7EPWUWJk
