address_id,state,city,street,pincode,customer_id
1,ON,Windsor,2335 Canton Hwy #6,222458,1
2,NB,Alcida,6 Arch St #9757,858964,2
3,ON,Belleville,9547 Belmont Rd #21,870757,3
4,BC,Vancouver,73 Pittsford Victor Rd,665685,4
5,QC,LIle-Perrot,447 Commercial St Se,356700,5
6,SK,Swift Current,47 Garfield Ave,661139,6
7,NB,Baker Brook,3 Mill Rd,435452,7
8,ON,Delhi,136 W Grand Ave #3,122998,8
9,ON,Bradford,80 Maplewood Dr #34,292550,9
10,ON,Aurora,58 Hancock St,298620,10
11,NS,New Waterford,808 Calle De Industrias,701228,11
12,ON,North York,2859 Dorsett Rd,823809,12
13,AB,Red Deer,6857 Wall St,368903,13
14,AB,Edmonton,169 Journal Sq,395577,14
15,NB,Fredericton,3 E 31st St #77,713464,15
16,ON,Etobicoke,7 N Dean St,775426,16
17,ON,Barrie,85 S State St,661383,17
18,AB,Calgary,100 Main St,804213,18
19,SK,Pangman,6185 Bohn St #72,432213,19
20,QC,Rouyn-Noranda,2 Sutton Pl S #5727,721563,20
21,AB,Leduc,1534 Sidco Dr,683030,21
22,BC,North Vancouver,4207 Leon Rd,820453,22
23,ON,London,7564 N Academy Ave,545527,23
24,ON,Hamilton,88 E Saint Elmo Rd,466807,24
25,QC,Pierrefonds,75 Westchester Ave,162649,25
26,ON,Windsor,89 W 35th St #1,101212,26
27,QC,Laval,1 Norris Ave #4095,402790,27
28,AB,Yellowhead County,5174 Interstate 45 N,480288,28
29,ON,Strathroy,765 Rock Island Rd,365507,29
30,NS,North River,7979 33  191,400251,30
31,ON,Ottawa,202 Madison Ave,756853,31
32,QC,Becancour,56 Corporate Dr,805750,32
33,ON,Sault Ste. Marie,37 Us Highway 12e E #6,417014,33
34,BC,Salmon Arm,6734 W Jackson Blvd,720527,34
35,BC,Richmond,7 Tomahawk Dr,703343,35
36,AB,Calgary,1 Vernon Blvd,517358,36
37,BC,Vernon,2726 Franklin Hill Rd,509969,37
38,QC,Saint-Hyacinthe,6335 Fort Myer Dr,426987,38
39,ON,Peterborough,220 Old Us Highway 441,482986,39
40,BC,Quesnel,77 Central Pky N,473853,40
41,ON,Etobicoke,781 Alabama Ave,224770,41
42,SK,Regina,22 Dearborn St,173177,42
43,QC,Matane,21 E 64th Ave,205480,43
44,BC,Abbotsford,9 N Central Ave,679569,44
45,SK,Regina,38 Douglas Rd E #39,329658,45
46,BC,Vernon,4929 Sidney St #8276,167226,46
47,SK,Regina,4936 Walcott Rd,229899,47
48,QC,Saint-Damien,6760 E Fayette St #9,802259,48
49,NB,Miramichi,6638 S Webster St #491,881222,49
50,ON,Kitchener,4465 James St,125496,50
51,ON,Mississauga,8721 Everett Rd,788038,51
52,QC,Stoneham-Et-Tewkesbury,6 E Kingsbridge Rd,831935,52
53,ON,Sault Ste. Marie,920 Union Blvd,529276,53
54,BC,Nanaimo,5 Secaucus Rd,720758,54
55,QC,Saint-Raymond,646 9th St,186032,55
56,ON,St Catharines,864 Aupuni St,804628,56
57,QC,Quebec,9390 Fortin Dr,106047,57
58,ON,Arnprior,4 Newark St,811670,58
59,BC,Vernon,8 J St,661803,59
60,ON,Windsor,394 Dice Rd #861,356901,60
61,ON,London,92 W 39th St #9990,602323,61
62,SK,Lloydminster,9 N Monroe St,219367,62
63,ON,Cambridge,2 Global Rd,374652,63
64,QC,Becancour,23 E Wacker Dr #64,451931,64
65,MB,Winnipeg,1 Nw 167th St,454371,65
66,NL,St. Johns,1 Frontage Rd,718533,66
67,BC,North Vancouver,5 Columbia,611345,67
68,QC,Montreal,14 E 30th St,837882,68
69,ON,Carleton Place,8 Commercial Ave,821323,69
70,BC,Vancouver,41 Drive  Hwy 54s S,844923,70
71,ON,Mississauga,6601 Park Ave #9924,124186,71
72,ON,Toronto,4184 E 142nd St,734716,72
73,ON,Kingston,1 El Camino Ave #39,253021,73
74,ON,Thorold,10 Midway Dr,583874,74
75,BC,West Vancouver,2 Cottman Ave,372313,75
76,QC,Lavaltrie,8926 E 119th St #9,602655,76
77,QC,Quebec,191 Richland St #5,601764,77
78,ON,Ajax,8 E 92nd St,520546,78
79,BC,Castlegar,283 Andover St,648485,79
80,NL,St. Johns,764 Louisville Plac,458626,80
81,QC,Lasalle,59 W Jackson Blvd #11,153535,81
82,NB,Grand Manan,712 N 5th St,596481,82
83,ON,Kanata,6 L St #1761,457647,83
84,ON,St Catharines,6126 E 14th St #6,678005,84
85,QC,Chicoutimi,865 Ponce De Leon Blvd,722127,85
86,NL,Paradise,896 Pershing Ave,620478,86
87,ON,Ingersoll,178 Riverdale Rd,397430,87
88,SK,Saskatoon,4 Pedretti Ave #2,632035,88
89,QC,Otterburn Park,4 W Sedgley Ave,687161,89
90,QC,Beloeil,31 E Middlefield Rd #8555,651085,90
91,ON,Napanee,7662 Us Highway 46 #9003,489861,91
92,NB,Newbridge,1 Park Ave,155300,92
93,NB,Dieppe,2782 Midland Ave,486260,93
94,QC,Beloeil,3 Federal Blvd,101599,94
95,QC,Lasalle,485 Rolling Rd,796479,95
96,ON,Etobicoke,6605 Federal St,566167,96
97,QC,Sainte-Therese,505 E 9mile Rd,411944,97
98,ON,Milton,32 Rocklyn Ave,198706,98
99,QC,Saint-Raymond,2953 5th Ave #27,659945,99
100,QC,Chicoutimi,133 Us Highway 206,190217,100
101,MB,Brandon,1 Pershing Ave,382842,101
102,QC,Sept-Iles,402 Santa Isabel Ave,120904,102
103,ON,Kanata,86 Shady Run Rd,848591,103
104,ON,Ottawa,4 Collier Rd Nw,159831,104
105,NB,Juniper,940 E Jefferson Ave,244045,105
106,ON,Toronto,7753 W 8th,694875,106
107,NS,Dartmouth,53 6  17 M At Bradleys,220453,107
108,NL,St. Johns,103 Madison Ave,535504,108
109,BC,Vancouver,8788 E 64th Ave,306242,109
110,QC,Montreal,831 Vanowen St #5,313859,110
111,AB,Calgary,661 Pitkin Ave,380797,111
112,NS,Halifax,3 Avenue Rt 295 #199,451053,112
113,QC,Chicoutimi,709 W Waters Ave,840831,113
114,ON,Woodstock,27 Spring St,220402,114
115,SK,Regina,9 Court St,746152,115
116,BC,Vancouver,82 Westminster Blvd,253566,116
117,ON,Scarborough,5039 Coffee Rd,398939,117
118,ON,Hamilton,9 E Thayer Ave #3,319322,118
119,BC,Maple Ridge,1 Highland Ave,400380,119
120,ON,Barrie,7 E 1st St,581598,120
121,ON,Ottawa,652 5th Ave,571747,121
122,ON,Toronto,162 Sunrise Plz,123227,122
123,NB,Saint-Paul,300 Congers Rd #77,887189,123
124,BC,Duncan,78 152nd Ave #4179,670001,124
125,ON,Toronto,956 Sierra Ave,738472,125
126,SK,Swift Current,4696 Alewa Dr,750552,126
127,QC,Saint-Georges,732 Congress St,334444,127
128,BC,Kamloops,863 E Mcdowell Rd,516494,128
129,BC,Vancouver,82 Us Highway 111,344810,129
130,QC,Trois-Rivieres,8868 S Arroyo Pkwy #996,502114,130
131,ON,Stoney Creek,25 Keystone Xing,840570,131
132,BC,Kamloops,491 Main St #893,474541,132
133,NB,Mount Pisgah,523 Spencerville Ct,551068,133
134,QC,Saint-Leonard,515 S Main St,612471,134
135,NS,Halifax,147 E Centre St,803510,135
136,QC,Cowansville,989 Wyatt Dr #7,119350,136
137,QC,Mirabel,9891 Main St,342694,137
138,ON,Peterborough,1657 N Green St,306356,138
139,AB,Calgary,6437 Date Palm Dr,689095,139
140,SK,Saskatoon,1062 Rd,225986,140
141,BC,Vancouver,73 Madison Ave,759571,141
142,ON,Concord,344 Lyndon St,708703,142
143,QC,Alma,3986 Home Life,573204,143
144,QC,Trois-Rivieres,68 Dd N #1,614675,144
145,ON,Keswick,27 7th St,547378,145
146,ON,Strathroy,8 Maynesboro St,342783,146
147,QC,Pierrefonds,7 State St #1,424636,147
148,ON,Orleans,21 N 14th St,661061,148
149,ON,Unionville,45 W 21st St,822246,149
150,QC,Pierrefonds,93 Law Dr,488360,150
151,ON,Richmond Hill,976 Cozycroft Ave,785189,151
152,ON,Concord,611 S 2nd St,728741,152
153,QC,Quebec,3780 Ronson Rd,457406,153
154,NS,Big Ridge,5 W Irving Park Rd,504941,154
155,QC,Vaudreuil-Dorion,48 Bernardo Cent,649943,155
156,QC,Quebec,45 S Wells Ave,856737,156
157,QC,Quebec,960 Deming Way,667443,157
158,SK,Prince Albert,462 2nd St,547393,158
159,QC,Jonquiere,269 Commercial Dr,582593,159
160,ON,Hanover,8 Commercial Blvd #9,843817,160
161,NB,Gray Rapids,739 Stockton Ave,862744,161
162,ON,North Bay,60 Sunrise Ave,896428,162
163,BC,Nanaimo,575 Washington St,799671,163
164,BC,Vernon,4634 Anania Dr,172863,164
165,ON,Oakville,24 Sw Bridgeport Rd,895411,165
166,QC,Gatineau,419 N Dixboro Rd #8,126421,166
167,ON,St Catharines,1 W Sierra Madre Blvd #9985,291966,167
168,BC,Surrey,9 W Jackson Blvd,196306,168
169,BC,Surrey,4974 Rockburn Hill Rd #3,748938,169
170,QC,Cantley,8545 S Westshore Blvd,610073,170
171,ON,Amherstburg,258 S Ash Ave,836403,171
172,NB,Saint John,1 W Green Bay St,592338,172
173,ON,North York,8 Sylvan Ave,518344,173
174,QC,Pointe-aux-Trembles,9 Clove Rd,850081,174
175,QC,Pierrefonds,10 Canal St,843040,175
176,AB,Calgary,62 N 3rd St,214192,176
177,QC,Chateauguay,2607 Market St,722416,177
178,BC,Duncan,62 15th Ave #63,729984,178
179,NS,New Glasgow,1 Clairemont Mesa Blvd,369672,179
180,MB,Dauphin,6 N Water St,671427,180
181,QC,Alma,1 S Kresson St,494234,181
182,AB,Calgary,4 S 4th St,831961,182
183,ON,Etobicoke,326 Witherspoon St,882389,183
184,ON,St Thomas,66 Hoffman St,289101,184
185,SK,Saskatoon,185 Davis St,610792,185
186,BC,Victoria,20 Simpson Ferry Rd,101934,186
187,ON,Ajax,7821 16th St Nw,381028,187
188,ON,North Bay,9 Pulaski Park Dr #7,126511,188
189,BC,Port Moody,63 Baronne St,781086,189
190,ON,Kitchener,74 Chestnut St,347552,190
191,ON,North York,4 Smith St #5,744239,191
192,ON,York,4298 E Drinker St,615946,192
193,QC,Greenfield Park,80 S 33rd Pl,642336,193
194,NS,Halifax,935 S Padre Island Dr,163196,194
195,ON,Newmarket,3 B Main #117,713412,195
196,MB,Winnipeg,779 Moore St,709830,196
197,ON,Peterborough,14 Van Buren St,709060,197
198,ON,Ottawa,7 N Us Highway 67 #96,815624,198
199,NL,Stephenville,31 Mechanic St #9839,305070,199
200,ON,North York,881 Route 38,863328,200
201,ON,Orleans,6 Monard Dr,563414,201
202,ON,Barrie,18 Cowesett Ave,770660,202
203,ON,Peterborough,684 Albion Rd,445494,203
204,QC,Lachine,8700 S Jefferson Rd #676,437102,204
205,NB,Saint John,4407 Chestnut Ridge Dr,705609,205
206,ON,Oakville,13 Midway Pl,450087,206
207,ON,Pickering,253 Hamilton Ave #1684,264453,207
208,QC,Blainville,8 W 41st Ave,336887,208
209,ON,Etobicoke,559 Bridge Plz,674299,209
210,ON,Scarborough,196 Touhy Ave,872511,210
211,SK,Saskatoon,6 W Lincoln Ave,840609,211
212,QC,Verdun,7071 E 7th St #56,224086,212
213,ON,Burlington,784 Packerland Dr,623559,213
214,BC,North Vancouver,7823 N 36th Ave,880833,214
215,NS,Valley,35 Milnor St,210996,215
216,BC,North Vancouver,7 Saint Nicholas Ave,240946,216
217,ON,Hamilton,87 Spencerville Ct #2,681411,217
218,ON,Niagara Falls,87 W 32nd St,769361,218
219,BC,Vancouver,70 W Main St,865946,219
220,PE,Charlottetown,3208 W Touhy Ave,180484,220
221,BC,Duncan,7 Airway Cir,584712,221
222,MB,Reinfeld,54 Whitaker Way,863684,222
223,QC,Grand-Mere,4945 Progress Dr,230037,223
224,ON,London,658 W 30th St,497607,224
225,QC,Trois-Rivieres,8 E 9mile Rd #697,864520,225
226,BC,Vancouver,7 Ryan Industrial Ct,196105,226
227,BC,Chilliwack,7 Mccrea St,660809,227
228,QC,Jonquiere,7 Mcwhorter Rd,689021,228
229,ON,Georgetown,572 Simpson St,650001,229
230,ON,Hamilton,3493 Camino Ruiz,611357,230
231,SK,Regina,2052 E Semoran Blvd,503160,231
232,ON,Hanover,9 Main St,514023,232
233,NB,Grand-Sault/Grand Falls,538 Fayetteville Street Mall,861868,233
234,QC,Montreal,9875 Sheafe Rd,877638,234
235,ON,Orleans,269 Distribution Way,448290,235
236,QC,Gatineau,6 E Miraloma Ave,471652,236
237,QC,Montreal,56 N Wood Ave #25,318485,237
238,QC,Longueuil,3 Lee Dr #8435,500627,238
239,NL,Corner Brook,1831 Everett Rd,871976,239
240,QC,Montreal,801 W Belmont Ave,551757,240
241,ON,Kitchener,61 N Westshore Blvd,810337,241
242,QC,Gatineau,6 Old York Rd,352166,242
243,BC,Surrey,80 Sw End Blvd,737934,243
244,NS,Reserve Mines,7585 Calle De Industrias,238387,244
245,BC,Comox,250 University Ave #9,370397,245
246,ON,Mississauga,78 Eastway Dr,647021,246
247,QC,Trois-Rivieres,196 Waterman Ave #1,836795,247
248,ON,Scarborough,9 Meridian St,207462,248
249,QC,Quebec,9514 Mount Vernon Ave,600518,249
250,NS,Dartmouth,7 Sw 5th Ave,789529,250
251,NS,Hebbville,7675 N Solano Dr,721708,251
252,MB,Portage la Prairie,8229 S Washington Ave,766607,252
253,ON,Oshawa,686 S Dupont Hwy,454937,253
254,NS,Bedford,88 Norris Ave #2,522842,254
255,ON,Orleans,72 W Hampden Ave,785358,255
256,ON,Orillia,846 Middletown Blvd #427,555198,256
257,BC,Dawson Creek,5181 N Alma School Rd,499154,257
258,ON,Thunder Bay,71 W Indian School Rd,464524,258
259,ON,Cambridge,5 Victory Ave,352412,259
260,AB,Big Valley,33 Broadway St #8539,759258,260
261,ON,Scarborough,96 Hook Rd,454815,261
262,BC,Chilliwack,1 Sw 72nd Ave,677586,262
263,NB,Enterprise,479 Commerce Park,565098,263
264,QC,Alma,42 Main St,280188,264
265,ON,Toronto,4701 N Cocoa Blvd,714378,265
266,ON,Etobicoke,755 135th St,748050,266
267,ON,Peterborough,4714 S Main St,735226,267
268,QC,Amos,2 Scott Blvd,386447,268
269,AB,Calgary,9 Constitution Ave,502416,269
270,QC,Mont-Royal,2965 Lake Lizzie Dr,431619,270
271,BC,Burnaby,8939 Merrill Field Dr,108108,271
272,QC,Drummondville,8 Leoole St #3,708915,272
273,QC,Saint-Bruno,901 Broughton Ave #7,333593,273
274,ON,Simcoe,263 L St #1255,212005,274
275,BC,Coquitlam,84 L St #98,780823,275
276,NB,Derby Junction,973 El Camino Real,414228,276
277,MB,Winnipeg,5652 Wisconsin Ave,627045,277
278,ON,Guelph,2 Ramona Ave #6,886255,278
279,QC,Rimouski,901 Highway 74,648124,279
280,ON,Woodbridge,237 S French Ave,504805,280
281,ON,Woodstock,89 Parade St,291290,281
282,ON,Etobicoke,3067 W Wabansia Ave,318414,282
283,QC,Jonquiere,2 W Kellogg Dr #5,426310,283
284,SK,Regina,3 Aiea Heights #660,464741,284
285,BC,Kamloops,440 Town Center Dr,778161,285
286,QC,Sherbrooke,91 Argyle Rd,864934,286
287,ON,Mississauga,4 Hanover Pike,695225,287
288,ON,Vanier,615 Main St #3722,670615,288
289,NB,Cardigan,648 Waihona St #1152,376395,289
290,NS,Amherst,689 S Steele St #1887,864515,290
291,ON,Burlington,8507 Upland St,539829,291
292,QC,Laval,577 Page Ave,406647,292
293,QC,Terrebonne,6 West St #2,138853,293
294,QC,Stoneham-Et-Tewkesbury,7 Duluth St,369266,294
295,ON,Hamilton,39 Logan Ave #9518,217085,295
296,NL,Paradise,384 N Main St,645161,296
297,ON,Ottawa,79 E 92nd St,558826,297
298,QC,Pointe-Claire,59 W Century Rd,895875,298
299,ON,Windsor,8763 N Front St,825125,299
300,AB,Edmonton,2 80e E #7867,798339,300
301,ON,Brantford,541 N 88th Ave,442907,301
302,ON,Hamilton,60 15th Ave,824905,302
303,AB,Grande Prairie,3951 Seaway Dr,347714,303
304,ON,North York,2097 N Stonestreet Ave,112313,304
305,QC,Saint-Bruno,264 Jefferson Hwy #83,477521,305
306,ON,York,40 N Dean St,436404,306
307,ON,Brantford,365 Zebra Pl,650882,307
308,ON,Simcoe,859 Franquette Ave,142621,308
309,ON,Trenton,58 Calle Arroyo,515482,309
310,ON,Dundas,8348 1st Ave W,135027,310
311,ON,Sudbury,2763 Fort Campbell Blvd #7554,327226,311
312,QC,Gatineau,5670 Leonis Blvd,573174,312
313,NS,Amherst,6 Central Ave #664,597080,313
314,QC,Lasalle,75 N Washington Ave,239602,314
315,AB,Fort McMurray,880 W South Water Market,157781,315
316,QC,Montreal,42 N 16th St #620,569623,316
317,ON,North York,873 E Cumberland St,565529,317
318,ON,Thunder Bay,863 Mcgilchrist St Se,230433,318
319,QC,Terrebonne,2 S Church St,789728,319
320,ON,Kingston,31 N Canal St,860743,320
321,AB,Calgary,8688 Manning Blvd #547,820090,321
322,AB,Edmonton,652 Pacific Hwy,487780,322
323,QC,Drummondville,8794 34th Ave,504264,323
324,NB,Welshpool,9 3rd St,187632,324
325,QC,Brossard,571 Maiden Ln #7,579618,325
326,BC,Coquitlam,637 Wright Rd,885294,326
327,AB,Calgary,1770 Mission Ave,431853,327
328,ON,Cambridge,2583 Lincoln Blvd,248567,328
329,BC,Abbotsford,1 Highway 71 S,625025,329
330,QC,Saint-Hubert,1309 Pitney Rd,211290,330
331,BC,Trail,809 W Bayshore Rd,778743,331
332,ON,Ottawa,83 Magnavox Way,289803,332
333,BC,West Kelowna,87 Via Contenta,405047,333
334,NB,Moncton,986 Whitaker Way,785601,334
335,ON,Sarnia,612 York St,894932,335
336,ON,Orleans,4 N Brand Blvd,800055,336
337,BC,Prince George,48 Market St,539974,337
338,BC,Nelson,1458 W Henry St,760257,338
339,QC,Matane,380 Main St,235484,339
340,AB,Calgary,743 Wolfert Ave,631777,340
341,BC,Salt Spring Island,3878 Little John Way,229825,341
342,AB,Edmonton,32 Marguerite Pky,378294,342
343,ON,Richmond Hill,6173 Landmeier Rd,570444,343
344,BC,Richmond,5 Middletown Blvd,175522,344
345,ON,Kingston,449 Oakwood Ave,109072,345
346,ON,Tillsonburg,7059 E Kilbourn Ave #252,831896,346
347,BC,Nanaimo,8 General Dr,328770,347
348,ON,Oakville,5518 Whippany Rd,688203,348
349,QC,Trois-Rivieres,2 Hill Rd,358744,349
350,QC,Chicoutimi,79 Lexington Ave #83,495994,350
351,QC,Montreal,339 W 1st St,645200,351
352,BC,Surrey,7635 Run Subdivision,388052,352
353,QC,Mirabel,91 Nw 52nd Ave,267800,353
354,NS,Truro,7767 W Central Ave #2,714919,354
355,AB,Edmonton,894 Feather River Blvd,644725,355
356,ON,Espanola,2 Executive Blvd,841939,356
357,ON,Etobicoke,1 N Main St #16,225589,357
358,QC,Albanel,44 S Highland Dr,148134,358
359,NS,Valley,958 Airline Dr,367546,359
360,ON,Etobicoke,18 Cameron St,694129,360
361,QC,Sherbrooke,79 E Jackson St,819901,361
362,NB,Lyttleton,45 19th St,795880,362
363,ON,Oakville,305 Industrial Blvd,215175,363
364,AB,Trochu,1434 Ash St,445128,364
365,ON,North York,6 S San Marcos Rd,649767,365
366,NS,Halifax,56 Washington Rd,294990,366
367,ON,Mississauga,8899 E Slauson Ave,499293,367
368,QC,Amqui,142 E 57th Ave #2,651397,368
369,BC,Richmond,41 Augusta Hwy,514925,369
370,BC,Surrey,985 Joyce St,693961,370
371,AB,Calgary,611 Grand Ave,109802,371
372,QC,Cap-aux-Meules,647 S Rainbow Blvd Bldg #4577,256133,372
373,QC,Anjou,2719 N Delaware St,865893,373
374,BC,Surrey,71 Linden Ave,433028,374
375,BC,Chilliwack,9 Park St,455714,375
376,QC,Sherbrooke,430 State Route 10 #7548,572317,376
377,ON,Chatham,8718 N 13th Ave,139328,377
378,QC,Fatima,4956 Midway Rd #65,316115,378
379,ON,Sault Ste. Marie,71 West Ave,434822,379
380,QC,Beloeil,7 Ramon Rd,149408,380
381,QC,Lachine,922 Railroad Ave #7063,267911,381
382,QC,Montmagny,5661 Harding St,457441,382
383,BC,Cranbrook,92 A Glenneyre Ave,650541,383
384,SK,Saskatoon,5 Westbranch Dr #36,820792,384
385,AB,Calgary,6 N Town East Blvd,869951,385
386,NS,Halifax,100 Rombouts Ave,142411,386
387,QC,Victoriaville,5 E King St #6,223958,387
388,ON,Etobicoke,7167 Bethlehem Pike #80,794683,388
389,AB,Calgary,80 Wisconsin Ave,117014,389
390,AB,Lethbridge,8265 W Camelback Rd,725735,390
391,SK,Lloydminster,45 S Cedar Ridge Dr,593075,391
392,QC,Gatineau,6096 N Michigan Ave,203160,392
393,MB,Winnipeg,4 Beaverbrook Rd,823951,393
394,ON,Windsor,548 Midland Ave,510960,394
395,SK,Prince Albert,6 Friendship Dr #5055,415606,395
396,ON,Kenora,5 S Gage St #6175,786311,396
397,ON,Sault Ste. Marie,18 Nw 6th St,195806,397
398,AB,Edmonton,5 Pittsford Victor Rd,499866,398
399,AB,Calgary,6 E Rand Rd #73,256424,399
400,AB,Camrose,91 E Cary St,360169,400
401,ON,Belleville,5 New Circle Rd Ne,716565,401
402,AB,Red Deer,68 Nw Raleigh St #88,592484,402
403,ON,Ajax,8 S Mcmullen Dr #38,117690,403
404,NB,Baie-Sainte-Anne,6 N Volusia Ave #2,627595,404
405,ON,Sault Ste. Marie,5 Cedar St,736887,405
406,BC,North Vancouver,71 S Newtown St,851002,406
407,MB,Brandon,4 Bloomfield Ave #5,215171,407
408,ON,Belleville,841 N Monroe St,336978,408
409,BC,Vancouver,5094 Poway Rd,880816,409
410,ON,Toronto,43 Winnetka Ave,718991,410
411,NB,Grand Manan,51 S Hulen St,709604,411
412,QC,Montreal,5 Goddard Rd,835891,412
413,ON,Toronto,7 Woodbridge Ave,237631,413
414,ON,Brampton,48 Lower Ragsdale Dr #1349,594091,414
415,NB,Fredericton,80 S Beckley St,499212,415
416,ON,Oakville,3314 Hawthorne St,191432,416
417,NL,Deer Lake,924 W Saint Mary Blvd,749668,417
418,AB,Edmonton,9713 Wilbur Ave #163,321954,418
419,QC,Saint-Stanislas,4 Gray Ave,175235,419
420,ON,Brampton,8528 A Park Rd,272677,420
421,NB,Janeville,1262 W 19th St,626771,421
422,ON,Burlington,99 Garfield Ave #370,147780,422
423,QC,Montreal,9041 Grand Plaza Plac,456139,423
424,MB,Winnipeg,475 S Figueroa St,808182,424
425,QC,Montreal,7 Lagrange St #10,469148,425
426,ON,London,16 Ridge Center,461816,426
427,BC,Surrey,66 62nd St #30,789973,427
428,QC,Boucherville,15 Ludlow Ave #156,281302,428
429,AB,Lethbridge,672 Neil Armstrong St #59,469324,429
430,ON,Burlington,1 E Gabilan St,433684,430
431,ON,Brampton,6325 Statesville Rd,840574,431
432,ON,Ottawa,7 N Wacker Dr #42,144500,432
433,ON,Stoney Creek,76 N Harlem Ave,799187,433
434,AB,St. Albert,80 Ringwood Ave #7,293353,434
435,ON,North York,8 Wilfong Ln,452277,435
436,QC,Sainte-Sophie,8881 Hopkins St,534754,436
437,BC,Victoria,19 Torresdale Ave #58,367495,437
438,ON,Brampton,79 Craig Rd,560858,438
439,AB,Calgary,432 Eastman Ave,848044,439
440,ON,Scarborough,9 Garcia Ave #38,704293,440
441,BC,Burnaby,128 W Kellogg Dr,719284,441
442,SK,Regina,7827 Commercial St Se #37,209671,442
443,QC,Saint-Eustache,67 N Washington Ave #960,283411,443
444,ON,Thunder Bay,19 Distribution Way,777992,444
445,AB,Wetaskiwin,20 Fort Campbell Blvd #4792,797555,445
446,ON,Mississauga,1 Parkfair Dr #1219,372659,446
447,QC,Saint-Jean-sur-Richelieu,1736 Us Highway 19n N #6,863449,447
448,NS,Membertou,578 E Us Highway 36 #3,160063,448
449,AB,Edmonton,1724 W Dodge Rd,445161,449
450,ON,Etobicoke,1 W 8th,157457,450
451,NS,Sydney,8 Cochise Trl,741942,451
452,ON,Nepean,4 Sutton Ln,698326,452
453,BC,Kimberley,7 Shetland Ct,890891,453
454,AB,Calgary,526 Main St,783829,454
455,AB,Edmonton,18 Duluth St,175953,455
456,QC,Boucherville,35 Peconic Ave #4,148786,456
457,ON,Windsor,7 S Quebec,705212,457
458,ON,North York,74 Se 3rd Ave #1494,371195,458
459,NB,Saint John,3 Bush St,215303,459
460,ON,Hamilton,629 105th Ave,179127,460
461,SK,Regina,58 Executive Dr,336445,461
462,AB,Calgary,200 W Bijou St #6013,801662,462
463,NB,English Settlement,2 Us Highway 206,507895,463
464,MB,Winnipeg,8570 E 8th St,463715,464
465,MB,Winnipeg,3068 N Interstate 35,571077,465
466,AB,Calgary,4241 Tapp St,176517,466
467,NS,Dartmouth,99 Hart St,423968,467
468,NB,Saint-Basile,1822 Guilford Rd,231552,468
469,QC,Montreal,995 Concord Rd,708287,469
470,ON,Sudbury,3 Main St,394466,470
471,AB,Lloydminster,7995 Douglas Rd E #6,489739,471
472,NB,St Martins,965 Bryant St,668075,472
473,BC,Abbotsford,2863 Brooklyn Terminal Mkt,789724,473
474,AB,Calgary,6410 E State Hwy,746430,474
475,QC,Quebec,4895 Country Club Rd,133111,475
476,ON,Brampton,43 Gateway Blvd,781853,476
477,ON,Trenton,881 South St #4,101057,477
478,QC,La Malbaie,5 S Taylor Ave,845810,478
479,BC,Surrey,6059 Alewa Dr,146245,479
480,ON,London,345 Broadway St,439890,480
481,QC,Saint-Thomas,7 W Pine St,231792,481
482,BC,North Vancouver,5470 N Lamar Blvd #542,829556,482
483,SK,Regina,103 E Main St #59,133736,483
484,QC,Montreal,698 N Allen Rd,456102,484
485,NB,Dawson Settlement,1 Broadway St,869641,485
486,QC,Les Cedres,5361 N 500 W #3065,444158,486
487,BC,Victoria,4153 Broughton Ave,370172,487
488,BC,Victoria,5 Falls Rd,310596,488
489,ON,London,51 3rd Ave,871159,489
490,BC,Coquitlam,865 N Port Ave,522064,490
491,BC,Surrey,78 E River,206944,491
492,ON,Kenora,5106 N Laurel Park Dr,562761,492
493,NS,Truro,9768 A Aven #112,387512,493
494,ON,Pembroke,24 Venice Rd,467605,494
495,ON,Strathroy,2497 Pennsylvania Ave,675126,495
496,QC,Longueuil,357 W Mount Royal Ave,544319,496
497,BC,Nanaimo,123 Euclid Ave #9396,725421,497
498,QC,Quebec,1251 E Main St #990,727682,498
499,NB,Beresford,259 W 17th St #39,504142,499
500,BC,Port Coquitlam,9 Route 38,756855,500
