autoincrement,name,numberrange,alphanumeric
1001,Briar Mejia,6630239816,KNB30UAU4VH
1002,Meredith Howe,7176817181,QPN85COK4CQ
1003,Asher Bridges,8679622069,QAS48VVO4YG
1004,Jeanette Rowe,9438484780,XWC32ZVC6NN
1005,Cade Pickett,6528659982,NEH24LQC1UO
1006,Cade Boone,6282460183,GGO29MQL8GT
1007,Candice Abbott,7878387115,NIY59HOP5KG
1008,Nathan Graham,9281134954,VZH14WHC5FO
1009,Chase Blankenship,7626318339,RGT60KVB2YE
1010,Zachary Preston,8263490276,ZCL27WYS8SK
1011,Bo Myers,6408895438,YXO16RJW2SL
1012,Linus Sanders,9126903181,PMR69MUR8BF
1013,Fritz Holman,6264564877,KBX24LJZ4XF
1014,Jana Powell,6663567518,MYF87NHK3CF
1015,Sharon Moreno,9951804053,DJO81WUF3VE
1016,Beau Gardner,9946005422,PQF76QLP0RZ
1017,Risa Woodward,7258732469,IHM77PKO5LH
1018,Helen Brady,8267066592,DEO13FKH2OL
1019,Marah House,8771606655,NNS21WDB9PW
1020,Timothy Workman,9571060547,IJN50AWM3JL
1021,Jaime Mccormick,8861841623,PWQ77XEL3WG
1022,Joy Gill,9298609973,DYZ74MQU4FS
1023,Baxter Chen,9711528557,TLY66ACE8EN
1024,Dahlia Cohen,8676316540,IOK82VXO1OI
1025,Jayme Poole,6552920531,OPZ45FRM2WM
1026,Sylvester Clemons,9978046161,ZPC55ZOJ6TJ
1027,Rowan Shepherd,8374228138,MKM66JKY6LG
1028,Marcia Massey,6618928103,HIY22EZE3OR
1029,Carl Roy,6427049956,NSC28FPL9SE
1030,Thomas Giles,9423296883,JFM43YLC8UI
1031,Felix Craft,7624664142,CII64OYF7BK
1032,Jonah Chapman,6448202908,RWH17XOJ6WD
1033,McKenzie Savage,7550321147,WNB71HLV3EQ
1034,Sade Hendricks,6764429717,HWT11SNC6OS
1035,Lance Barlow,8128753118,WCY63FAD7EF
1036,William Michael,9041186560,WAJ13YJS8PN
1037,Scott Fuller,8582477062,HOI49LUK0BG
1038,Aline Barrera,9561826951,XXV55IKP9TF
1039,Benedict Rowe,9317777430,OFY63XVE3KJ
1040,Chava Conley,6533783476,QIB68ZEN1DR
1041,Deirdre Howell,7046129086,GDL42GDK6KF
1042,Hunter Hurst,6523551109,INJ37HGA0YY
1043,Vivien Short,8683389560,VYN67BXO6MA
1044,Laura Elliott,6765352120,UXN44UBU0VW
1045,Patience Douglas,7845610583,ZNY45EEL3CJ
1046,Christen Kidd,9757800918,CMX59NQA9CQ
1047,Hu Maldonado,9490441964,RIO63WOY6XS
1048,Lenore Glenn,7808138543,KIP60HTQ3VK
1049,Kasper Kirkland,8483783815,GFN51BUH1ON
1050,Nola Holmes,6407863601,BBS14III6LX
1051,Oscar Fernandez,6388635449,KUK57TRD3TD
1052,Maggy Horn,7489597494,DET58OLB4VF
1053,Kennedy Nash,8975918281,WNW81UVA6XX
1054,Jena Beach,8770278603,DHP28RIC1EN
1055,Leigh Lewis,8314208319,NHH76RML6MK
1056,Dane Anderson,6834057361,GSX88XKI6VV
1057,Sawyer Boyer,9519548058,OER89YUI6AN
1058,Aaron Petersen,9742877594,YIM54QYD9VK
1059,Madaline Frye,9897599681,NFC37IBD7BP
1060,Kyra Gomez,6608941167,PPU01MRQ7FF
1061,Lev Avila,8799906932,JDT24LNH6XE
1062,Dustin Farrell,7372706774,FFH47HUD6HR
1063,Allegra Chapman,8907576737,LUN92ZYI3WJ
1064,Quail Cochran,9829241798,ILV48GXD0CN
1065,Bruce Garrison,7485086483,KGB52ZYB7MC
1066,Kaitlin Grimes,6460714474,ETZ78BHQ1KF
1067,Odysseus Goodman,7528850622,NRJ09BGC7QX
1068,Edward Cote,8340933757,UVL81WIN2ZG
1069,Molly Mccarty,7479517777,VZI75FFT4WR
1070,Geoffrey Jones,6704278898,ISI72IQQ2ZI
1071,Hope Pearson,9398067792,FQW76PJH3TE
1072,Zephania Randall,8100937579,QQV02OME5PN
1073,Yasir Shannon,8203768644,ECJ24LMU9CA
1074,Kennedy Nichols,8555302457,QOL57KBE4WO
1075,Cody Roy,7546013497,BIH44HFG1FR
1076,Dieter Calhoun,8329194226,DDO57DFA2GI
1077,Maxine Beasley,8013392670,FCN77XOE7OH
1078,Kylan Mejia,8025652685,XCU32NNT5EL
1079,Reese Lester,7584160037,VCO74FBR9OW
1080,Quinlan Gutierrez,7536151183,HTV12YZB9PS
1081,Channing Mason,9694512805,TQH67XNN6SB
1082,Emi Wolfe,8275577603,BWD87SNT1GN
1083,Clementine Pace,7549382267,LSD23TGV9ZS
1084,Lysandra Hoover,8329965784,BVJ28LPR1GJ
1085,Bruce Merrill,7486128645,VJZ91AKK7DS
1086,Ursula Paul,9086145906,BTN32FBB1ZR
1087,Alexandra Reid,7383277301,HRZ98OWN6CM
1088,Randall Chaney,8916920735,UIM11EQH7YV
1089,Rose Gordon,8249951090,JTV75GUM4MQ
1090,Brendan Farrell,7457335189,FFE19FHH1DR
1091,Quynn Buchanan,8208748519,HMT52DHM5SK
1092,Sara Zamora,7474174764,KEH46CLF1EZ
1093,Sheila Green,7395212431,WHJ76GEU0HR
1094,Colin Avery,8369528086,TTW20WUD7OH
1095,Wade Macdonald,9860859978,CYE62LED3CV
1096,Wynne Kent,7583399306,RWT01JKL7CY
1097,Wing Mccormick,7189575132,TEU42MWD7IW
1098,Callum Mcconnell,7081140243,SNQ48USE7YJ
1099,Colby Schwartz,8732399299,KFY40UZQ7NA
1100,Cyrus York,6492481210,BKX27ODD4HV
1101,Flynn Humphrey,7619822902,FUI51KOL3ZJ
1102,Amanda Potts,9510837361,CBV08DJW5FG
1103,Carissa Ellison,8963611711,FCH16IJT8NJ
1104,Sarah Turner,7931950164,OXQ52TJU4PK
1105,Yolanda Hall,6959829798,SKQ66BVJ3PD
1106,Jakeem Fowler,6453307323,NCE25RUC4LW
1107,Joseph Gillespie,6921484520,ZHE84ZPJ1JY
1108,Rachel Humphrey,8407295580,DRP83GHH4EB
1109,Hasad Pearson,6487423777,JNF82MIP2SX
1110,Dawn Poole,8806077582,HON84LEI5AH
1111,Shana Mcfarland,8054545968,IEG69UJW5KB
1112,Chiquita Guthrie,9864885224,ZIK72IPF1CE
1113,Haviva Hewitt,7059043511,QHK75BFF7LM
1114,Dale Humphrey,7743026187,BRM02MFX8QA
1115,Callum Snyder,6613679906,FHN92ADP7LF
1116,Aristotle Hogan,7488979383,LIH92TNU8XU
1117,Jael Hood,7546340039,XTE54JAV1IM
1118,Lacota Pennington,9558554585,CUX80JXU7IT
1119,Palmer Vance,8736646738,WIL47USP6YI
1120,Steven Morin,9380925455,FQM27EJV5CT
1121,Louis Acevedo,8027070028,CPX65PBJ0WW
1122,Lydia Fisher,8333331489,PIX49UQI8HH
1123,Maggy Grimes,7165452656,TQV29QTA9XD
1124,Macy Dominguez,8208495293,XPT47CDT8GM
1125,Palmer Collier,9257586046,UDH45RLW1AT
1126,Unity Ortiz,7396183022,IYL23WLG0NG
1127,Lucius Dunlap,7933689093,VQQ46VUY9VC
1128,Hanna Mcdowell,9540880560,KVH64NJI5DB
1129,Odysseus Haley,9380340105,GJO44HAH4WM
1130,Adria Jarvis,6230808884,XCE00VRH7OR
1131,Cooper Hendricks,6575742219,MRX34EMZ0GW
1132,Jackson Cote,8566206242,LMY47CAM3WF
1133,Edan Farmer,8252840550,NOQ21HJU5SM
1134,Yen Wallace,9648937637,AWW21FMD4SW
1135,Oren Rowe,8986313712,GYS60KNN7GR
1136,Brenden Moses,8504755479,JSG82AEU3ON
1137,Carissa Peterson,7641804915,XIG63WEQ8JT
1138,Mara Blake,6109748748,OMS48YVW8BF
1139,Veda Reed,7267079947,CPC09EZT7TF
1140,Sydney Flowers,8375521566,UYH98GDV3NR
1141,Urielle Tran,6305982997,DKQ32JLB5CI
1142,Quemby Wyatt,7126633054,EUK63KUX6IV
1143,John Woods,6054947540,VPX01JVW5JC
1144,Honorato Sykes,8254162244,GXS06XVG9NB
1145,Leslie Zimmerman,8263567930,MOI02HZC8IU
1146,Neville Sloan,9904793726,NON62OOT4MX
1147,Deirdre Sawyer,8888344678,FYF54DXR5QO
1148,Karina Harris,8738841024,TNI56HCO5RQ
1149,Mikayla Molina,6610561938,WOO97ZMI6VK
1150,Lewis Gonzalez,6593807068,AJW70QDI1FO
1151,Andrew Barrett,6150584237,QYE65LCW6ZY
1152,Channing Barker,9497548550,XQY50VYQ6PL
1153,Ross Pace,6403283983,LEI74ADY0FW
1154,Claudia Church,8925938839,WVV42CML1GV
1155,Clark Jimenez,6588303341,ZIO64GXF2KP
1156,Miriam Moore,7490678670,WKX60YUU4JH
1157,Geoffrey Wagner,8796619788,XJI62FCV3YQ
1158,Tyrone Phillips,6133411834,PHD33XNN7IJ
1159,Darius Nash,8326943961,UIM55VYU8QO
1160,Maris Mcclain,6689317555,YZO97KFX3TM
1161,Ivan Ortega,7210469226,HPW31YUH4SN
1162,Karly Mckinney,6586209425,IZF79MZN2EZ
1163,Charlotte Hill,6483667117,TLI67FCH4UJ
1164,Barrett Wilder,7385791964,VMH45BMB4WW
1165,Wesley Dominguez,7142220049,YTQ29EUA4FO
1166,Marah Howe,9780826986,BCD35PKQ4RO
1167,Gannon Gutierrez,7883984924,SNY20GIJ4GT
1168,Wallace Randolph,6632769885,BWY18IPL2JA
1169,Finn Barry,9394111889,SOQ64NLI8TY
1170,Tasha Moss,6384498078,PED97VVF6ND
1171,Thaddeus Watson,8515766800,UMN02AVQ2RU
1172,Tatyana Patel,7006585110,KMW34CKS8HX
1173,Katell Justice,8863671939,YXS42TMC7PE
1174,Ramona Hobbs,9543067018,BOW93DIU8PY
1175,Abdul Meyers,9125578219,JDY34QBC6NC
1176,Cheyenne Mayer,8150147742,KQI10ZPI4AT
1177,Wesley Woods,9298165593,XJI67SQC7HT
1178,Cailin Villarreal,8566582200,QCG47IHC5PQ
1179,Dana Faulkner,6589195406,SFA33XQI0GT
1180,Sydney Sullivan,8215420745,XTS89MPC3AF
1181,Axel Scott,8035777170,YON59VZR4HT
1182,Elliott Pearson,6419702570,NVN28DBM3DG
1183,Colleen Pierce,9346775677,XSX06QRY6MG
1184,Karleigh Cantrell,8466216715,YTR15QOH8UO
1185,Brian Mcfadden,7458130878,FQO54GHB6PD
1186,Angela Fuentes,7746414987,OEC38SDL9QM
1187,Sonya Mooney,7020228125,IUZ53KTT5NC
1188,Cole Greene,8394822462,ESC27DFK7QU
1189,Troy Morris,9177840745,VXZ57QLT6BX
1190,September Butler,8571287614,PQQ23KBG2EK
1191,Alika Mueller,7190390653,SQK13PXI5HW
1192,Vielka Schroeder,6089464152,JLN17FRN6KH
1193,Aline Robles,9363892776,XXF57KFA8IS
1194,Maxwell Butler,6777110580,SJK77NLP9YU
1195,Alfreda Singleton,8036353775,TBO57LVA5TJ
1196,Neve Ballard,7896112819,EOG34AWP5NI
1197,Zephania Glass,6043381203,VJC17UFL6IS
1198,Jameson Sheppard,7370036207,RMD17NHS3FI
1199,Nehru Blevins,6766487785,MCQ43OPO8EQ
1200,Sade Curtis,6555059085,QYU68HTG6MH
1201,Craig Reed,7761761371,MBK43CYQ5LJ
1202,Kaitlin Singleton,9820389582,ZSR10BQF3SJ
1203,Evan Dillard,6457809256,JLL26SBX6VW
1204,Genevieve Bolton,9404173463,HSI17SWR7DZ
1205,Jasper Holt,7051829591,FEN12PVG8ML
1206,Craig Gomez,6474764118,EUS83LUG5VR
1207,Vladimir Harvey,6129449050,NSH57TTH6GN
1208,Delilah Bass,6109049352,UIB97OXK2RA
1209,Dillon Mclean,7738314334,XHJ87ERE4HP
1210,Eleanor Mullen,8106430976,JHS43ZYX2EL
1211,Daquan Gilbert,6886363896,ORV85UPH2MH
1212,Melissa Sampson,6986488583,ZFR94LTX3QI
1213,Emi Gross,9103302361,LTS34PKQ6OS
1214,Illana Kennedy,7103594182,CRH11EIE4OT
1215,Tasha Pickett,9962510342,OIZ87FOH2WG
1216,Theodore Craft,8572996198,EUF66PHH8XW
1217,Ulric Cooley,7527455912,KBM76GMB9MQ
1218,Christopher Hensley,8738182265,YAF02GNQ6VX
1219,Regan Gilbert,6240084532,JSR84JGI5CF
1220,Autumn Tran,6826821604,BBS25YBP1MT
1221,Dacey Petty,7351760114,OVX55WJU9CC
1222,Abigail Crane,7783945590,MEG34FXA1FS
1223,Debra Hurley,7142067160,FPP83SOZ7KE
1224,Jin Franks,7222295979,XFX69SOS8UX
1225,Jessica Blackwell,6715484222,UQU67MWT4PM
1226,Heather Vasquez,8212830033,VRV15RVP2ER
1227,Tad Joseph,9392485844,DAA05CHU6NX
1228,Scarlett Reid,9287310374,SBX78QJV0KD
1229,Alexis O'brien,8889513349,XPW58LVT9PG
1230,Angelica Weber,8719782241,CBB68BDR6HW
1231,Margaret Cardenas,9970260099,UUE73ITH4IM
1232,Porter Yang,8585814456,ULN71MPB5ID
1233,Dexter Meyer,9457926999,XLF74OMB7FD
1234,Mara Lambert,7328997696,ZOH52CVO8KX
1235,Alexis Dillard,8073948884,HWS73UNC5RN
1236,Nichole Schmidt,6862318945,WMD63OED4VJ
1237,Astra Cooper,8494952283,YMB12YPL7WS
1238,Carson Ryan,8193665573,ZLV76RMY6UC
1239,Sheila Howell,8314623132,TMS78SZJ4II
1240,Colin Key,8112985431,EJU17NZE0TD
1241,Denise Kerr,7991656028,JUJ88YEO6UJ
1242,Shaine Singleton,9397477211,VTJ85CHX7WL
1243,Nina Underwood,8809526007,LUM83KYE4DZ
1244,Rahim Hernandez,9405843591,NLE29BCT8WF
1245,Kasper Nolan,9469813682,ZQW22CII5QT
1246,Dennis Kline,6601886335,KYA64FUK2QU
1247,Ainsley Whitfield,9136280626,LOU93CPP4AF
1248,Kitra Pope,9117021637,DKE10WEY8DG
1249,Carissa Sloan,7655998897,SNW43WME5QG
1250,Evan Lowe,8605326667,ITN43VDE9SM
1251,Mohammad Schroeder,6221994283,KUK97TTW3PY
1252,Shana Weber,6339008684,MYB20YQE4MK
1253,Veda Williams,7607925171,YKJ64BRF5WT
1254,Echo Guzman,8819784058,UGP61CVV8UU
1255,Jerome Witt,7455256253,LNK07YGO8EH
1256,Alfonso Stanton,8106137483,TIM37VNF0IT
1257,Vance Cleveland,7734792164,YTT32ANV8UD
1258,Dorothy Cooper,9891581057,KXP57EDB5PQ
1259,Griffin Adams,8466835997,VXK86ITJ2FI
1260,Morgan Farmer,8375159257,OBI21EGX2HS
1261,Dora Leon,8359151637,YUM26LRY9QJ
1262,Deacon Myers,6853923426,MFO47RCV3MZ
1263,Dustin Allison,9111049367,CEX78YEN4WA
1264,Logan Franco,6848153010,IEI65XJG5IW
1265,Denton Buck,8563344160,KCE37IJE4BC
1266,Bernard Decker,7350980170,PVA33JNL9PT
1267,Petra Wood,8223251097,PVN41TYS3VD
1268,Azalia Alvarez,8810298643,WVB35SNO1OZ
1269,Candice Dodson,7231120801,VER34ODB3GR
1270,Christopher Hyde,9365655977,WLK41PUS2TU
1271,Joy Santos,7707517126,PHN71VEU7MD
1272,Faith Michael,9087004422,UOF61XHC9YZ
1273,Hedwig Webster,9223625850,BNK22MPI7UQ
1274,Julian Carpenter,9589468445,XGC52OGB3NZ
1275,Hope Harrington,7853659803,YFU57XRH5OA
1276,Nehru Slater,9172076389,CPS47UWP7QM
1277,Zachery Mejia,6165004595,XVH12JYI2RH
1278,Yvonne Alford,6119219195,KNG08CUP4TJ
1279,Shannon Gillespie,8880431989,HBS83NUM0CP
1280,Yardley Good,8461864058,HQE22LOH6FP
1281,Thomas Bullock,7371873591,PVA55VWM5RF
1282,Leroy Hartman,9136623864,LOJ36BID0EF
1283,Boris White,6285756374,CEH04DHQ4LZ
1284,Jamal Pollard,7321241644,BOS30TQN8LB
1285,Dean Benjamin,9771540029,JFE83TQZ1PA
1286,James Lewis,9411309479,IXV54IIV3OO
1287,John Mcmillan,8542879837,JDT88CXT7DD
1288,Summer Kinney,9904883147,IEV20SSH7YW
1289,Lyle Hopper,7904446666,WLD26WLP6QQ
1290,Shafira Barber,7176114938,JKM30URT5SD
1291,Knox Gaines,9282837332,QIW32QMH7KR
1292,Mikayla Rodriquez,8757555561,VDG69OKJ0MF
1293,Orla Michael,8438677784,VFU31TPT2CM
1294,India Foster,6123447499,SYM92YXS9UE
1295,Anika Witt,9554254279,ROF01YCG5CW
1296,Ray Norman,7963034438,MUQ26JJN1WS
1297,Buckminster Baldwin,9907179542,BKG23XKR5RW
1298,Justina Knight,8364705594,GHJ18QRQ3RI
1299,Salvador Mitchell,6719838268,VRL42OXW4QW
1300,Natalie French,7718360343,FHD29LAH2HP
1301,Mary Salas,7206826714,EDY52XZI4GS
1302,Megan Yang,8997879801,JBT40KTJ2QJ
1303,Kaye Hurst,7879840155,WJH64CYD3NR
1304,Emily Gomez,8633301464,BAP22MOH3NI
1305,Armando Jefferson,7040968214,CDO28HFP3TA
1306,Amal York,9908195524,NZC64YHK2HT
1307,Jada Pope,7887319446,AGW86NNY5JD
1308,Burton Zimmerman,6952576991,UDC79SFU5RQ
1309,Amery Frost,7477648308,DVH49RYQ2YX
1310,Joan Ferguson,9862050334,MUG59JKU2DK
1311,Nero Harris,6729026569,UVZ19ETP8HL
1312,Adara Norman,7403848887,BID15CJH4NC
1313,Stuart George,8638453423,ELT85AKC7FJ
1314,Walter O'donnell,7145438060,JGY01DXV9PX
1315,Cole Lloyd,7988760290,QLN41KRR8PG
1316,Ryder Barber,9589191353,ERE73TDX5GT
1317,Zephr Gill,6930651488,KKT25FJA2IW
1318,Finn Bass,7610727655,HNC81QBT1OU
1319,Raya Berger,7114090494,HCU27WVS5JQ
1320,Adam Espinoza,9610489262,LNL57TBS1EG
1321,Kiona Lee,9933412655,BNK10WCJ4FJ
1322,Garth Hyde,6614912152,WWK93MCW2CG
1323,Jescie Nichols,9133991279,KOR03HUH4RD
1324,Samuel Hahn,8084774692,BMO38GDA5KM
1325,Caldwell Sutton,8453319938,PMQ83MKV1IE
1326,Shafira Vaughan,7399805192,CVH03YNG7GJ
1327,Anjolie Randall,6484450272,QZX20HLE6UU
1328,Claudia Reeves,7043773182,UEN04KHP3PJ
1329,Tate Wells,7553883192,OEB24JXX4ED
1330,Jonah Mathews,8519877673,TVY73BHN1XT
1331,Hiroko Lawson,8449955163,ZHT41TTB2XW
1332,Hayes Kelly,9085661397,XXC11TMX1RW
1333,Amber Cleveland,9601079820,LHW09WCW1GP
1334,Lucas Pratt,6988065772,BCC02DIL1VR
1335,Judith Estes,6026741909,BCG66RTC6EU
1336,Myra Ramirez,7308446134,EWR76NLV9LU
1337,Kevin Romero,7269012934,UHU77WOX5VU
1338,Zachary Lowe,7926164853,OOL65FHU5MM
1339,Elliott Barnes,8850944809,DVS70TVF6WI
1340,Patience Daniels,7352114967,QYI42UYC9JD
1341,Isabella Gonzalez,9036535327,TLM28PBN8IH
1342,Philip Ross,6406112934,AIJ26KTA5SR
1343,Chadwick Flowers,6401898745,CBH71IKM2LH
1344,Rooney Burns,9192601106,CNH90CJF7EN
1345,Amal Curry,9048427147,OJR57QGE0GX
1346,Joan Kline,6392004531,IFQ96YBZ6VW
1347,Lavinia Crosby,8497163902,VKU20BWR4XB
1348,Rhonda Ferguson,7360315713,ITK12DJL4FU
1349,Keely Jenkins,7183949714,HMB66GSN8UH
1350,Ria Fulton,7724538062,LTH19RJT0SM
1351,Lana Fulton,7509716639,QQH87PPP2RJ
1352,Orson Cox,8366486835,CGD57PBX3PB
1353,Hyacinth Brennan,7852097275,ZYD05XYQ6CY
1354,Meghan Hoover,7467419021,HOR66CFF6TK
1355,MacKensie Irwin,6721488486,GVB18YOF3ES
1356,Rana Cotton,8662389206,YFI52YDD6YP
1357,Trevor Frank,8309222265,CLH33YZX4PW
1358,Jayme Johns,9720280094,YSC54XGB4UJ
1359,Noble Barber,6655091442,ERV75KIM9SX
1360,Phoebe Morin,8031149040,ZVF55HTK1JI
1361,Ethan Lawson,7324709409,NHM65DQP4QJ
1362,Beau Boyle,6022379794,BGY31OMC6NQ
1363,Owen Parks,6979747018,NFC31GBS8LQ
1364,Kasper Paul,6775836495,ISW57DFV1YC
1365,Dustin Gilmore,9057963752,MQS28GDD6VL
1366,Jennifer Coleman,9440375890,VWF63DBC3CU
1367,Pamela Morse,6290411973,ZPC50SDH1HM
1368,Jacqueline Baxter,6687608187,NBL18QFK8MF
1369,Hanna Lara,8552587802,SBF37SCI9VY
1370,Lois Dudley,6384004876,WFI92QCH1FL
1371,Kaye Mckinney,8177538962,ERD84XQE7JI
1372,Farrah Taylor,8195595799,NNC21ODO7GS
1373,Kirby Vance,6126736193,RFD35DDX3LL
1374,Fuller Holt,9588466824,HEB64OGG1AT
1375,Byron Wilson,8640024314,NXQ27RJJ8UL
1376,Keely Pollard,6053783562,PLA67JMQ8FH
1377,Henry Spears,8222750734,AIK28DLS5UW
1378,Gillian Conrad,6493430887,QKC32JDN5VD
1379,Portia Dejesus,8817921708,EMJ13JLX5OK
1380,Karly Sears,7382783867,IAW42BUI5JQ
1381,Kirsten Francis,6966288004,NTX47LMA1GF
1382,Bernard Tran,9684073236,XSJ86EBY9TN
1383,Jada Morin,9465883753,EOQ28FCE3VI
1384,Octavia Merritt,7654766738,NSU82IHS4QD
1385,Nicole Wolf,8146706658,QYW24ZLC9UT
1386,Guinevere Blackwell,6747884449,QPU76SDL4FB
1387,Lacy Key,8036990234,UQQ37JBE4LT
1388,Marcia Dalton,9884025731,AIS88WKT7SS
1389,Lane Campos,7720642605,GAC91HXU0EN
1390,Mariam Bartlett,6118576320,MAK85CXV4HT
1391,Renee Stark,9913842953,MXU71DGS6HI
1392,Samson Ortega,6618171622,PCX22ODK2ET
1393,Charde Gonzalez,7112722685,OYJ58TDG1LF
1394,Thomas Mendez,9954137141,MNV56SXH3HO
1395,Whitney Ortega,7914590717,HXO78DZF9DC
1396,Leo Dominguez,9798319556,CBP57PLK8YK
1397,Raya Sexton,6497983735,FWN02EJT1LX
1398,Patrick Nicholson,6150450180,LWN63LVR1GP
1399,Cassidy Dunn,7715423814,IPU18DOC4NR
1400,Vincent Dodson,6242120942,QSE21IWH8IS
1401,Gannon Weeks,6018431849,WTS01XLN5UA
1402,Cailin Chase,7881890517,VIL74JVO7SK
1403,Graham Buck,6760836739,TQJ76ZFW3BF
1404,Wing Rosales,6073327684,GKT33EED4BW
1405,Honorato Mooney,7327872457,EDI21IMT3AP
1406,Serina Stanton,8576856115,CAZ64TGJ8HV
1407,Quinn Davenport,8864272726,JNT45JPV4UK
1408,Fuller Parker,7027368699,TNE23EDO6DJ
1409,Noelle Ware,7466871581,ODR34KBN5LC
1410,Kiayada Sweet,9000899247,OEK12ORW2GE
1411,Belle Gardner,6710609765,CXH34GOW3YI
1412,Basil Ramsey,7221613711,TUY81HYJ8DI
1413,Sebastian Floyd,9725764060,PVL47EIV1CH
1414,Lucian Rasmussen,9151292997,NRG87TFD4DD
1415,Kadeem Horne,6314217664,LLD67RXW3YA
1416,Brynne Keith,9496494297,DIV28GCJ7YC
1417,Eleanor Williamson,6594370808,VJO63QRV1HR
1418,Courtney Dejesus,9226022347,LTK34HYN5XA
1419,Scott Short,9786264467,YGQ56VYW3JY
1420,Sonya Singleton,7163786155,IPR78PHN1IW
1421,Raphael Lopez,6200663904,JHN44RIR6II
1422,Rhiannon Rutledge,7727660730,GBS53FRT8CT
1423,Joy Hess,6971936398,QTE62RJH1BF
1424,Byron Gilmore,9519918295,JNW24WIB7LR
1425,Walker Vargas,7954235856,YOL53SXP8JX
1426,Prescott Schultz,8244728602,SYJ02CWN1IM
1427,Xandra Mays,9741892869,QNM36KTI4IH
1428,Malcolm Lawson,7296692941,BSX52QUT2CQ
1429,Grady Jacobson,8792086152,WUU81NQW4YY
1430,Galvin Suarez,6936131886,WFW23MQU5UG
1431,Dai Brock,8019682899,TYD76HJW7IH
1432,Derek Taylor,6537644194,USE16ZJW6CX
1433,Melanie Clayton,6902254392,QVP68YMF3CK
1434,Judith Holloway,7769134243,EJL94OUJ3ME
1435,Denton Donovan,9233432066,ZBO12ECY6ZQ
1436,Armando Doyle,7511145054,UIM30RWX1JE
1437,Thor Wise,7300589080,ROK79CIP1IJ
1438,Quamar Marsh,6912324924,WFH69VNP3DC
1439,Nerea Nichols,8860797342,PGC10NFV1AI
1440,Lilah Fitzgerald,7679328393,PTF05BGM4MU
1441,Aristotle Warner,8866278847,MRT63MMD4SY
1442,Fatima Rasmussen,9977324549,WRQ50GZS6XL
1443,Nehru Morse,6445720355,FJZ66BCR2PK
1444,Nell Hall,8134091575,OSP23LTZ7IX
1445,Jonas Hicks,8246438555,WUW83IJA3XB
1446,Jane Richards,7069541579,PYY17OMI6UQ
1447,Demetrius Paul,6739185760,SHM15KTF6XC
1448,Carla Dyer,9552220598,HAX41TWB6HQ
1449,Tanek Robinson,8886551898,RRW76YCS7YM
1450,Troy Stein,8025842239,HQC63TLO5VA
1451,Salvador Davenport,7455753036,YTE82CYO7RX
1452,Rashad Mercado,8014011078,YGI61DVO6LP
1453,Sage Alford,8603731861,GGG84HND6CB
1454,Gretchen Levy,8322287415,YBM33QYM1IF
1455,Holmes Morris,6325212074,YIY93WNJ4OQ
1456,Ariana Wise,8714649762,NKS77ELL6FG
1457,Winter Hopper,7588573867,NBV18XLY4XD
1458,Aaron Wood,6031428237,PES42SQC8NP
1459,Sacha Joseph,8800392069,LHX87DQX4XW
1460,Hasad Mcmahon,8467828357,RJD62ZKO0AR
1461,Ignatius Mccarthy,6999458822,IJC32PUK8BI
1462,Raven Padilla,9533396363,SFI72RXF2IQ
1463,Janna Simpson,9736308192,SBO18NMU8BE
1464,Rhonda Le,6268253379,ROJ48KTN2OE
1465,Simon Alexander,6385874701,CTR88EKM2QL
1466,Deacon Huffman,8559176762,RHP92WVR2MQ
1467,Rhoda Ramirez,6232243399,GTK73ZBP4MJ
1468,Macey Preston,6017920815,KMC50QFP8AY
1469,Martina Rivers,6459561382,WLL50CXE4OG
1470,Amela Reed,7985410398,VJW84CXJ8GQ
1471,Todd Herman,9108974762,RBD72UHT0UH
1472,Bo Whitehead,9451947400,RBE24BXE8IC
1473,Allen Pickett,7373648788,EBN43LJC2GU
1474,Colin Wolfe,8513648114,XPG48TSA3ZU
1475,Caleb Bush,8923779152,OCH85LTJ9RY
1476,Audrey Guy,8622420661,TWM60RDZ8SJ
1477,Candace Sanders,7182314558,PJH17NBN5GG
1478,Buffy Murphy,7670595896,DCU61MXX4LB
1479,Jerry Gutierrez,9191740000,VGM88FWP2OC
1480,Carol Guerra,7951813150,TMJ85DYC2KP
1481,Jenette Wilkins,6365920856,VND45PMR2RH
1482,Deborah Williams,7823706685,KSS47GKU1QC
1483,Dieter Cohen,8086290311,SCP32FWK7CT
1484,Ruth Mcdaniel,7410403094,GBO57YRA3LQ
1485,David Spence,9848694878,DNJ52LEY2KK
1486,Claire Everett,8989988839,URM87HBB1ZR
1487,Anika Pugh,7776860819,SOD31YCQ2BW
1488,Rigel Ferguson,8557733739,ENH48OCW9DY
1489,Stacey Carrillo,9121499101,YQV88CFY4FK
1490,Carly Fox,6308442339,HQO77NKQ0GI
1491,Erica Sexton,8255847104,YNR80CFM5IA
1492,Dorothy King,9922828899,JNI41NJI2SF
1493,Jemima Strong,9614591858,FHJ33KPJ8XN
1494,Jane Cortez,6072879361,KMN15WCU3YJ
1495,Calvin Schmidt,6484362597,BDT10DTB3WG
1496,Bianca Miles,7769278726,YJX96UME4YY
1497,Jakeem Pena,6330075970,EDG23BRD7MP
1498,Fritz Mitchell,8481119623,IPJ48OFE2PU
1499,Tyler Fowler,6685965359,OEO79IWI3KX
1500,Stacey Richard,6391496979,PLB58EAS1GY
